Knot_index,x,y,sol_analytic,sol_PDDS_GM,sol_PDDS_EM,err,rerr,sbias
0,-2.000000e+01,-3.000000e+01,2.946097e+00,2.946097e+00,2.946097e+00,0.000000e+00,0.000000e+00,0.000000e+00
1,-2.000000e+01,-2.888889e+01,2.951929e+00,2.950645e+00,2.941755e+00,-1.284014e-03,4.349744e-04,8.890140e-03
2,-2.000000e+01,-2.777778e+01,2.962275e+00,2.947593e+00,2.868128e+00,-1.468212e-02,4.956367e-03,7.946475e-02
3,-2.000000e+01,-2.666667e+01,2.977084e+00,2.960747e+00,2.945067e+00,-1.633667e-02,5.487473e-03,1.568040e-02
4,-2.000000e+01,-2.555556e+01,2.996108e+00,2.987028e+00,2.967552e+00,-9.080077e-03,3.030624e-03,1.947627e-02
5,-2.000000e+01,-2.444444e+01,3.018908e+00,3.002716e+00,2.970919e+00,-1.619262e-02,5.363733e-03,3.179676e-02
6,-2.000000e+01,-2.333333e+01,3.044857e+00,3.037616e+00,3.004109e+00,-7.240298e-03,2.377878e-03,3.350707e-02
7,-2.000000e+01,-2.222222e+01,3.073147e+00,3.053472e+00,3.020048e+00,-1.967508e-02,6.402256e-03,3.342409e-02
8,-2.000000e+01,-2.111111e+01,3.102793e+00,3.081277e+00,3.039886e+00,-2.151582e-02,6.934339e-03,4.139150e-02
9,-2.000000e+01,-2.000000e+01,3.132616e+00,3.118665e+00,3.075903e+00,-1.395092e-02,4.453442e-03,4.276220e-02
10,-2.000000e+01,-1.888889e+01,3.161228e+00,3.139060e+00,3.091677e+00,-2.216740e-02,7.012274e-03,4.738310e-02
11,-2.000000e+01,-1.777778e+01,3.187007e+00,3.163925e+00,3.117273e+00,-2.308231e-02,7.242627e-03,4.665159e-02
12,-2.000000e+01,-1.666667e+01,3.208090e+00,3.181222e+00,3.127713e+00,-2.686769e-02,8.374980e-03,5.350946e-02
13,-2.000000e+01,-1.555556e+01,3.222414e+00,3.190531e+00,3.125269e+00,-3.188249e-02,9.893979e-03,6.526188e-02
14,-2.000000e+01,-1.444444e+01,3.227885e+00,3.202412e+00,3.146241e+00,-2.547368e-02,7.891755e-03,5.617027e-02
15,-2.000000e+01,-1.333333e+01,3.222764e+00,3.203979e+00,3.143601e+00,-1.878544e-02,5.828984e-03,6.037830e-02
16,-2.000000e+01,-1.222222e+01,3.206285e+00,3.166302e+00,3.097616e+00,-3.998263e-02,1.247008e-02,6.868588e-02
17,-2.000000e+01,-1.111111e+01,3.179361e+00,3.139530e+00,3.084016e+00,-3.983087e-02,1.252795e-02,5.551422e-02
18,-2.000000e+01,-1.000000e+01,3.144926e+00,3.120048e+00,3.068069e+00,-2.487783e-02,7.910464e-03,5.197992e-02
19,-2.000000e+01,-8.888889e+00,3.107428e+00,3.075026e+00,3.009787e+00,-3.240151e-02,1.042712e-02,6.523948e-02
20,-2.000000e+01,-7.777778e+00,3.071487e+00,3.033809e+00,2.978622e+00,-3.767870e-02,1.226725e-02,5.518643e-02
21,-2.000000e+01,-6.666667e+00,3.040481e+00,3.016505e+00,2.950925e+00,-2.397623e-02,7.885672e-03,6.557940e-02
22,-2.000000e+01,-5.555556e+00,3.015867e+00,2.983386e+00,2.931476e+00,-3.248023e-02,1.076978e-02,5.191090e-02
23,-2.000000e+01,-4.444444e+00,2.997433e+00,2.967637e+00,2.908817e+00,-2.979669e-02,9.940735e-03,5.881953e-02
24,-2.000000e+01,-3.333333e+00,2.984006e+00,2.945765e+00,2.882990e+00,-3.824128e-02,1.281542e-02,6.277467e-02
25,-2.000000e+01,-2.222222e+00,2.974105e+00,2.943606e+00,2.885028e+00,-3.049979e-02,1.025511e-02,5.857775e-02
26,-2.000000e+01,-1.111111e+00,2.966342e+00,2.935349e+00,2.879273e+00,-3.099279e-02,1.044815e-02,5.607670e-02
27,-2.000000e+01,0.000000e+00,2.959570e+00,2.929032e+00,2.880359e+00,-3.053721e-02,1.031812e-02,4.867318e-02
28,-2.000000e+01,1.111111e+00,2.952892e+00,2.896138e+00,2.874842e+00,-5.675470e-02,1.922004e-02,2.129550e-02
29,-2.000000e+01,2.222222e+00,2.945620e+00,2.927772e+00,2.870363e+00,-1.784800e-02,6.059167e-03,5.740819e-02
30,-2.000000e+01,3.333333e+00,2.937209e+00,2.915161e+00,2.849719e+00,-2.204808e-02,7.506473e-03,6.544157e-02
31,-2.000000e+01,4.444444e+00,2.927228e+00,2.917348e+00,2.868954e+00,-9.880344e-03,3.375324e-03,4.839332e-02
32,-2.000000e+01,5.555556e+00,2.915331e+00,2.911306e+00,2.858922e+00,-4.025024e-03,1.380640e-03,5.238470e-02
33,-2.000000e+01,6.666667e+00,2.901255e+00,2.891510e+00,2.847620e+00,-9.744792e-03,3.358820e-03,4.389051e-02
34,-2.000000e+01,7.777778e+00,2.884826e+00,2.883659e+00,2.828532e+00,-1.167775e-03,4.047990e-04,5.512631e-02
35,-2.000000e+01,8.888889e+00,2.865979e+00,2.874827e+00,2.825759e+00,8.848090e-03,3.087284e-03,4.906774e-02
36,-2.000000e+01,1.000000e+01,2.844773e+00,2.851767e+00,2.822444e+00,6.994071e-03,2.458569e-03,2.932270e-02
37,-2.000000e+01,1.111111e+01,2.821420e+00,2.823067e+00,2.769138e+00,1.647085e-03,5.837788e-04,5.392910e-02
38,-2.000000e+01,1.222222e+01,2.796306e+00,2.802667e+00,2.709509e+00,6.360761e-03,2.274701e-03,9.315798e-02
39,-2.000000e+01,1.333333e+01,2.770013e+00,2.750690e+00,2.722136e+00,-1.932286e-02,6.975730e-03,2.855387e-02
40,-2.000000e+01,1.444444e+01,2.743333e+00,2.726498e+00,2.702772e+00,-1.683510e-02,6.136732e-03,2.372616e-02
41,-2.000000e+01,1.555556e+01,2.717268e+00,2.706958e+00,2.684214e+00,-1.030993e-02,3.794228e-03,2.274394e-02
42,-2.000000e+01,1.666667e+01,2.693000e+00,2.683460e+00,2.664046e+00,-9.540799e-03,3.542814e-03,1.941364e-02
43,-2.000000e+01,1.777778e+01,2.671818e+00,2.654130e+00,2.639268e+00,-1.768814e-02,6.620263e-03,1.486205e-02
44,-2.000000e+01,1.888889e+01,2.654980e+00,2.619147e+00,2.608857e+00,-3.583344e-02,1.349669e-02,1.028943e-02
45,-2.000000e+01,2.000000e+01,2.643523e+00,2.616949e+00,2.609925e+00,-2.657411e-02,1.005254e-02,7.024175e-03
46,-2.000000e+01,2.111111e+01,2.638048e+00,2.596915e+00,2.590087e+00,-4.113319e-02,1.559228e-02,6.827786e-03
47,-2.000000e+01,2.222222e+01,2.638560e+00,2.616106e+00,2.596407e+00,-2.245333e-02,8.509693e-03,1.969887e-02
48,-2.000000e+01,2.333333e+01,2.644450e+00,2.619665e+00,2.613077e+00,-2.478500e-02,9.372462e-03,6.588155e-03
49,-2.000000e+01,2.444444e+01,2.654664e+00,2.641650e+00,2.636861e+00,-1.301390e-02,4.902279e-03,4.788726e-03
50,-2.000000e+01,2.555556e+01,2.668001e+00,2.639740e+00,2.635950e+00,-2.826163e-02,1.059281e-02,3.789125e-03
51,-2.000000e+01,2.666667e+01,2.683422e+00,2.659440e+00,2.548739e+00,-2.398224e-02,8.937187e-03,1.107010e-01
52,-2.000000e+01,2.777778e+01,2.700242e+00,2.688276e+00,2.686486e+00,-1.196625e-02,4.431548e-03,1.789545e-03
53,-2.000000e+01,2.888889e+01,2.718165e+00,2.716315e+00,2.714692e+00,-1.849536e-03,6.804357e-04,1.623037e-03
54,-2.000000e+01,3.000000e+01,2.737194e+00,2.737194e+00,2.737194e+00,0.000000e+00,0.000000e+00,0.000000e+00
55,-1.000000e+01,-3.000000e+01,2.554109e+00,2.554109e+00,2.554109e+00,-1.332268e-15,5.216173e-16,8.881784e-16
56,-1.000000e+01,-2.888889e+01,2.593998e+00,2.576000e+00,2.566828e+00,-1.799847e-02,6.938507e-03,9.171716e-03
57,-1.000000e+01,-2.777778e+01,2.641302e+00,2.651692e+00,2.633307e+00,1.038997e-02,3.933653e-03,1.838506e-02
58,-1.000000e+01,-2.666667e+01,2.694414e+00,2.692680e+00,2.669442e+00,-1.733396e-03,6.433295e-04,2.323895e-02
59,-1.000000e+01,-2.555556e+01,2.751570e+00,2.764334e+00,2.705028e+00,1.276449e-02,4.638983e-03,5.930657e-02
60,-1.000000e+01,-2.444444e+01,2.810979e+00,2.816119e+00,2.645737e+00,5.140016e-03,1.828550e-03,1.703815e-01
61,-1.000000e+01,-2.333333e+01,2.870922e+00,2.865746e+00,2.810003e+00,-5.176803e-03,1.803184e-03,5.574258e-02
62,-1.000000e+01,-2.222222e+01,2.929808e+00,2.921630e+00,2.859440e+00,-8.178265e-03,2.791400e-03,6.219028e-02
63,-1.000000e+01,-2.111111e+01,2.986182e+00,2.965057e+00,2.893515e+00,-2.112418e-02,7.073975e-03,7.154270e-02
64,-1.000000e+01,-2.000000e+01,3.038713e+00,3.025048e+00,2.938763e+00,-1.366503e-02,4.496978e-03,8.628502e-02
65,-1.000000e+01,-1.888889e+01,3.086177e+00,3.056681e+00,2.974929e+00,-2.949540e-02,9.557263e-03,8.175219e-02
66,-1.000000e+01,-1.777778e+01,3.127448e+00,3.097036e+00,3.007288e+00,-3.041214e-02,9.724269e-03,8.974756e-02
67,-1.000000e+01,-1.666667e+01,3.161519e+00,3.124172e+00,3.028570e+00,-3.734635e-02,1.181279e-02,9.560207e-02
68,-1.000000e+01,-1.555556e+01,3.187553e+00,3.151857e+00,3.054972e+00,-3.569618e-02,1.119862e-02,9.688476e-02
69,-1.000000e+01,-1.444444e+01,3.204967e+00,3.161576e+00,3.036694e+00,-4.339134e-02,1.353878e-02,1.248814e-01
70,-1.000000e+01,-1.333333e+01,3.213544e+00,3.172636e+00,3.002352e+00,-4.090818e-02,1.272993e-02,1.702840e-01
71,-1.000000e+01,-1.222222e+01,3.213540e+00,3.147720e+00,3.017580e+00,-6.582025e-02,2.048216e-02,1.301401e-01
72,-1.000000e+01,-1.111111e+01,3.205760e+00,3.155282e+00,3.028348e+00,-5.047772e-02,1.574595e-02,1.269341e-01
73,-1.000000e+01,-1.000000e+01,3.191538e+00,3.143882e+00,3.063206e+00,-4.765568e-02,1.493189e-02,8.067609e-02
74,-1.000000e+01,-8.888889e+00,3.172608e+00,3.121348e+00,2.998457e+00,-5.125999e-02,1.615705e-02,1.228917e-01
75,-1.000000e+01,-7.777778e+00,3.150882e+00,3.098315e+00,3.089276e+00,-5.256694e-02,1.668325e-02,9.039386e-03
76,-1.000000e+01,-6.666667e+00,3.128187e+00,3.084574e+00,2.943371e+00,-4.361339e-02,1.394206e-02,1.412024e-01
77,-1.000000e+01,-5.555556e+00,3.106073e+00,3.066824e+00,2.952014e+00,-3.924908e-02,1.263624e-02,1.148101e-01
78,-1.000000e+01,-4.444444e+00,3.085714e+00,2.913423e+00,2.885645e+00,-1.722907e-01,5.583496e-02,2.777752e-02
79,-1.000000e+01,-3.333333e+00,3.067912e+00,3.043624e+00,2.917121e+00,-2.428794e-02,7.916764e-03,1.265035e-01
80,-1.000000e+01,-2.222222e+00,3.053149e+00,3.033064e+00,2.928034e+00,-2.008552e-02,6.578624e-03,1.050298e-01
81,-1.000000e+01,-1.111111e+00,3.041627e+00,3.017150e+00,2.922906e+00,-2.447714e-02,8.047383e-03,9.424394e-02
82,-1.000000e+01,0.000000e+00,3.033287e+00,3.023960e+00,2.936746e+00,-9.326952e-03,3.074866e-03,8.721429e-02
83,-1.000000e+01,1.111111e+00,3.027812e+00,3.013471e+00,2.914884e+00,-1.434136e-02,4.736543e-03,9.858691e-02
84,-1.000000e+01,2.222222e+00,3.024635e+00,3.017784e+00,2.929469e+00,-6.850799e-03,2.265000e-03,8.831473e-02
85,-1.000000e+01,3.333333e+00,3.022976e+00,3.012610e+00,2.930679e+00,-1.036583e-02,3.429015e-03,8.193072e-02
86,-1.000000e+01,4.444444e+00,3.021913e+00,3.010063e+00,2.932922e+00,-1.184998e-02,3.921351e-03,7.714125e-02
87,-1.000000e+01,5.555556e+00,3.020469e+00,3.010464e+00,2.939404e+00,-1.000526e-02,3.312485e-03,7.105953e-02
88,-1.000000e+01,6.666667e+00,3.017701e+00,3.018679e+00,2.952947e+00,9.777210e-04,3.239953e-04,6.573164e-02
89,-1.000000e+01,7.777778e+00,3.012782e+00,2.999241e+00,2.940617e+00,-1.354114e-02,4.494565e-03,5.862423e-02
90,-1.000000e+01,8.888889e+00,3.005066e+00,2.992920e+00,2.935798e+00,-1.214533e-02,4.041618e-03,5.712259e-02
91,-1.000000e+01,1.000000e+01,2.994140e+00,2.993951e+00,2.935469e+00,-1.886379e-04,6.300236e-05,5.848203e-02
92,-1.000000e+01,1.111111e+01,2.979878e+00,2.970789e+00,2.922019e+00,-9.088971e-03,3.050115e-03,4.877081e-02
93,-1.000000e+01,1.222222e+01,2.962484e+00,2.937374e+00,2.896564e+00,-2.511060e-02,8.476196e-03,4.081006e-02
94,-1.000000e+01,1.333333e+01,2.942545e+00,2.926519e+00,2.893614e+00,-1.602572e-02,5.446211e-03,3.290444e-02
95,-1.000000e+01,1.444444e+01,2.921083e+00,2.890232e+00,2.871346e+00,-3.085073e-02,1.056140e-02,1.888624e-02
96,-1.000000e+01,1.555556e+01,2.899604e+00,2.869762e+00,2.848505e+00,-2.984235e-02,1.029187e-02,2.125638e-02
97,-1.000000e+01,1.666667e+01,2.880087e+00,2.841043e+00,2.833695e+00,-3.904486e-02,1.355683e-02,7.347730e-03
98,-1.000000e+01,1.777778e+01,2.864863e+00,2.816945e+00,2.820357e+00,-4.791777e-02,1.672602e-02,3.411989e-03
99,-1.000000e+01,1.888889e+01,2.856257e+00,2.795353e+00,2.814459e+00,-6.090422e-02,2.132309e-02,1.910608e-02
100,-1.000000e+01,2.000000e+01,2.855944e+00,2.742270e+00,2.820221e+00,-1.136740e-01,3.980260e-02,7.795093e-02
101,-1.000000e+01,2.111111e+01,2.864116e+00,2.789115e+00,2.818852e+00,-7.500158e-02,2.618664e-02,2.973705e-02
102,-1.000000e+01,2.222222e+01,2.878932e+00,2.818267e+00,2.832868e+00,-6.066493e-02,2.107203e-02,1.460101e-02
103,-1.000000e+01,2.333333e+01,2.896820e+00,2.842842e+00,2.851062e+00,-5.397812e-02,1.863358e-02,8.219928e-03
104,-1.000000e+01,2.444444e+01,2.913773e+00,2.865492e+00,2.870480e+00,-4.828026e-02,1.656967e-02,4.987174e-03
105,-1.000000e+01,2.555556e+01,2.926899e+00,2.902186e+00,2.888465e+00,-2.471306e-02,8.443428e-03,1.372088e-02
106,-1.000000e+01,2.666667e+01,2.935266e+00,2.907350e+00,2.919246e+00,-2.791561e-02,9.510422e-03,1.189630e-02
107,-1.000000e+01,2.777778e+01,2.939725e+00,2.913190e+00,2.906282e+00,-2.653473e-02,9.026262e-03,6.908126e-03
108,-1.000000e+01,2.888889e+01,2.942166e+00,2.933455e+00,2.936669e+00,-8.710488e-03,2.960570e-03,3.214354e-03
109,-1.000000e+01,3.000000e+01,2.944763e+00,2.944763e+00,2.944763e+00,8.881784e-16,3.016129e-16,8.881784e-16
110,0.000000e+00,-3.000000e+01,2.389987e+00,2.389987e+00,2.389987e+00,-8.881784e-16,3.716248e-16,8.881784e-16
111,0.000000e+00,-2.888889e+01,2.420851e+00,2.435663e+00,2.427714e+00,1.481218e-02,6.118585e-03,7.949471e-03
112,0.000000e+00,-2.777778e+01,2.461759e+00,2.483924e+00,2.461258e+00,2.216472e-02,9.003610e-03,2.266562e-02
113,0.000000e+00,-2.666667e+01,2.512842e+00,2.521336e+00,2.505544e+00,8.494202e-03,3.380317e-03,1.579287e-02
114,0.000000e+00,-2.555556e+01,2.574041e+00,2.567821e+00,2.542712e+00,-6.219995e-03,2.416432e-03,2.510873e-02
115,0.000000e+00,-2.444444e+01,2.644918e+00,2.646105e+00,2.635313e+00,1.187001e-03,4.487855e-04,1.079205e-02
116,0.000000e+00,-2.333333e+01,2.724423e+00,2.725488e+00,2.687345e+00,1.064862e-03,3.908578e-04,3.814265e-02
117,0.000000e+00,-2.222222e+01,2.810696e+00,2.790635e+00,2.750534e+00,-2.006150e-02,7.137556e-03,4.010050e-02
118,0.000000e+00,-2.111111e+01,2.901051e+00,2.872736e+00,2.823879e+00,-2.831494e-02,9.760238e-03,4.885701e-02
119,0.000000e+00,-2.000000e+01,2.992215e+00,2.938204e+00,2.886114e+00,-5.401044e-02,1.805032e-02,5.209048e-02
120,0.000000e+00,-1.888889e+01,3.080784e+00,3.052008e+00,2.987274e+00,-2.877563e-02,9.340360e-03,6.473373e-02
121,0.000000e+00,-1.777778e+01,3.163707e+00,3.116931e+00,3.062479e+00,-4.677564e-02,1.478507e-02,5.445225e-02
122,0.000000e+00,-1.666667e+01,3.238615e+00,3.241878e+00,3.167990e+00,3.262427e-03,1.007353e-03,7.388753e-02
123,0.000000e+00,-1.555556e+01,3.303920e+00,3.259102e+00,3.177327e+00,-4.481802e-02,1.356510e-02,8.177459e-02
124,0.000000e+00,-1.444444e+01,3.358719e+00,3.366036e+00,3.298248e+00,7.316440e-03,2.178342e-03,6.778744e-02
125,0.000000e+00,-1.333333e+01,3.402631e+00,3.381149e+00,3.292254e+00,-2.148129e-02,6.313140e-03,8.889588e-02
126,0.000000e+00,-1.222222e+01,3.435626e+00,3.453661e+00,3.389199e+00,1.803455e-02,5.249276e-03,6.446154e-02
127,0.000000e+00,-1.111111e+01,3.457916e+00,3.468311e+00,3.392083e+00,1.039527e-02,3.006224e-03,7.622879e-02
128,0.000000e+00,-1.000000e+01,3.469887e+00,3.474024e+00,3.403422e+00,4.137046e-03,1.192271e-03,7.060176e-02
129,0.000000e+00,-8.888889e+00,3.472086e+00,3.467938e+00,3.361309e+00,-4.148761e-03,1.194890e-03,1.066290e-01
130,0.000000e+00,-7.777778e+00,3.465243e+00,3.467275e+00,3.368898e+00,2.032329e-03,5.864897e-04,9.837742e-02
131,0.000000e+00,-6.666667e+00,3.450306e+00,3.426753e+00,3.311766e+00,-2.355297e-02,6.826343e-03,1.149870e-01
132,0.000000e+00,-5.555556e+00,3.428500e+00,3.446975e+00,3.369774e+00,1.847484e-02,5.388607e-03,7.720154e-02
133,0.000000e+00,-4.444444e+00,3.401377e+00,3.442185e+00,3.363170e+00,4.080851e-02,1.199764e-02,7.901539e-02
134,0.000000e+00,-3.333333e+00,3.370822e+00,3.392895e+00,3.315185e+00,2.207296e-02,6.548243e-03,7.771021e-02
135,0.000000e+00,-2.222222e+00,3.338993e+00,3.373446e+00,3.298514e+00,3.445302e-02,1.031839e-02,7.493238e-02
136,0.000000e+00,-1.111111e+00,3.308123e+00,3.349351e+00,3.278661e+00,4.122753e-02,1.246251e-02,7.068995e-02
137,0.000000e+00,0.000000e+00,3.280210e+00,3.309762e+00,3.248002e+00,2.955210e-02,9.009212e-03,6.176005e-02
138,0.000000e+00,1.111111e+00,3.256670e+00,3.307162e+00,3.245788e+00,5.049244e-02,1.550432e-02,6.137383e-02
139,0.000000e+00,2.222222e+00,3.238120e+00,3.304306e+00,3.236096e+00,6.618589e-02,2.043960e-02,6.821059e-02
140,0.000000e+00,3.333333e+00,3.224387e+00,3.260420e+00,3.192435e+00,3.603277e-02,1.117508e-02,6.798482e-02
141,0.000000e+00,4.444444e+00,3.214696e+00,3.232057e+00,3.171186e+00,1.736037e-02,5.400314e-03,6.087062e-02
142,0.000000e+00,5.555556e+00,3.207936e+00,3.257861e+00,3.199253e+00,4.992523e-02,1.556304e-02,5.860817e-02
143,0.000000e+00,6.666667e+00,3.202887e+00,3.257805e+00,3.203584e+00,5.491809e-02,1.714643e-02,5.422129e-02
144,0.000000e+00,7.777778e+00,3.198396e+00,3.225356e+00,3.169981e+00,2.695988e-02,8.429189e-03,5.537471e-02
145,0.000000e+00,8.888889e+00,3.193494e+00,3.240745e+00,3.196838e+00,4.725170e-02,1.479624e-02,4.390685e-02
146,0.000000e+00,1.000000e+01,3.187473e+00,3.222810e+00,3.174260e+00,3.533681e-02,1.108615e-02,4.854962e-02
147,0.000000e+00,1.111111e+01,3.179937e+00,3.219707e+00,3.175981e+00,3.977001e-02,1.250654e-02,4.372634e-02
148,0.000000e+00,1.222222e+01,3.170819e+00,3.195793e+00,3.150478e+00,2.497378e-02,7.876129e-03,4.531429e-02
149,0.000000e+00,1.333333e+01,3.160372e+00,3.192134e+00,3.150528e+00,3.176263e-02,1.005028e-02,4.160583e-02
150,0.000000e+00,1.444444e+01,3.149121e+00,3.173057e+00,3.134769e+00,2.393512e-02,7.600571e-03,3.828729e-02
151,0.000000e+00,1.555556e+01,3.137771e+00,3.176096e+00,3.056789e+00,3.832468e-02,1.221398e-02,1.193063e-01
152,0.000000e+00,1.666667e+01,3.127043e+00,3.167024e+00,3.134132e+00,3.998126e-02,1.278564e-02,3.289196e-02
153,0.000000e+00,1.777778e+01,3.117472e+00,3.141799e+00,3.110688e+00,2.432707e-02,7.803461e-03,3.111127e-02
154,0.000000e+00,1.888889e+01,3.109188e+00,3.122132e+00,3.102740e+00,1.294348e-02,4.162977e-03,1.939171e-02
155,0.000000e+00,2.000000e+01,3.101771e+00,3.100754e+00,3.081043e+00,-1.017251e-03,3.279580e-04,1.971100e-02
156,0.000000e+00,2.111111e+01,3.094293e+00,3.106926e+00,3.088111e+00,1.263245e-02,4.082501e-03,1.881453e-02
157,0.000000e+00,2.222222e+01,3.085587e+00,3.097537e+00,3.062981e+00,1.195027e-02,3.872931e-03,3.455576e-02
158,0.000000e+00,2.333333e+01,3.074671e+00,3.086014e+00,3.054765e+00,1.134296e-02,3.689161e-03,3.124848e-02
159,0.000000e+00,2.444444e+01,3.061142e+00,3.078092e+00,3.063108e+00,1.694999e-02,5.537147e-03,1.498352e-02
160,0.000000e+00,2.555556e+01,3.045356e+00,3.056555e+00,3.045745e+00,1.119905e-02,3.677419e-03,1.080919e-02
161,0.000000e+00,2.666667e+01,3.028349e+00,3.027624e+00,3.021163e+00,-7.247378e-04,2.393178e-04,6.461285e-03
162,0.000000e+00,2.777778e+01,3.011590e+00,3.011557e+00,3.007709e+00,-3.284026e-05,1.090462e-05,3.848716e-03
163,0.000000e+00,2.888889e+01,2.996695e+00,2.992071e+00,2.975080e+00,-4.624123e-03,1.543074e-03,1.699125e-02
164,0.000000e+00,3.000000e+01,2.985192e+00,2.985192e+00,2.985192e+00,0.000000e+00,0.000000e+00,0.000000e+00
165,1.000000e+01,-3.000000e+01,2.408366e+00,2.408366e+00,2.408366e+00,0.000000e+00,0.000000e+00,0.000000e+00
166,1.000000e+01,-2.888889e+01,2.441602e+00,2.452187e+00,2.447257e+00,1.058497e-02,4.335255e-03,4.929625e-03
167,1.000000e+01,-2.777778e+01,2.488089e+00,2.477029e+00,2.471177e+00,-1.106000e-02,4.445179e-03,5.852217e-03
168,1.000000e+01,-2.666667e+01,2.548848e+00,2.599533e+00,2.565322e+00,5.068476e-02,1.988536e-02,3.421089e-02
169,1.000000e+01,-2.555556e+01,2.624344e+00,2.622963e+00,2.595922e+00,-1.380999e-03,5.262263e-04,2.704155e-02
170,1.000000e+01,-2.444444e+01,2.713778e+00,2.757052e+00,2.740949e+00,4.327325e-02,1.594576e-02,1.610241e-02
171,1.000000e+01,-2.333333e+01,2.814382e+00,2.873496e+00,2.829990e+00,5.911335e-02,2.100402e-02,4.350522e-02
172,1.000000e+01,-2.222222e+01,2.921299e+00,2.975229e+00,2.947006e+00,5.392966e-02,1.846085e-02,2.822298e-02
173,1.000000e+01,-2.111111e+01,3.028478e+00,3.117667e+00,3.087155e+00,8.918909e-02,2.945014e-02,3.051197e-02
174,1.000000e+01,-2.000000e+01,3.130281e+00,3.186076e+00,3.153100e+00,5.579480e-02,1.782421e-02,3.297607e-02
175,1.000000e+01,-1.888889e+01,3.222839e+00,3.331997e+00,3.278836e+00,1.091583e-01,3.387023e-02,5.316077e-02
176,1.000000e+01,-1.777778e+01,3.304408e+00,3.351633e+00,3.312224e+00,4.722510e-02,1.429155e-02,3.940984e-02
177,1.000000e+01,-1.666667e+01,3.374876e+00,3.435404e+00,3.395032e+00,6.052826e-02,1.793496e-02,4.037195e-02
178,1.000000e+01,-1.555556e+01,3.434980e+00,3.447554e+00,3.407050e+00,1.257404e-02,3.660586e-03,4.050471e-02
179,1.000000e+01,-1.444444e+01,3.485711e+00,3.526076e+00,3.486955e+00,4.036521e-02,1.158020e-02,3.912112e-02
180,1.000000e+01,-1.333333e+01,3.527998e+00,3.534689e+00,3.488431e+00,6.690146e-03,1.896301e-03,4.625750e-02
181,1.000000e+01,-1.222222e+01,3.562624e+00,3.559273e+00,3.510348e+00,-3.350912e-03,9.405741e-04,4.892554e-02
182,1.000000e+01,-1.111111e+01,3.590244e+00,3.618742e+00,3.573670e+00,2.849717e-02,7.937389e-03,4.507178e-02
183,1.000000e+01,-1.000000e+01,3.611452e+00,3.618075e+00,3.567578e+00,6.623279e-03,1.833966e-03,5.049735e-02
184,1.000000e+01,-8.888889e+00,3.626840e+00,3.651522e+00,3.605971e+00,2.468227e-02,6.805448e-03,4.555104e-02
185,1.000000e+01,-7.777778e+00,3.637046e+00,3.650658e+00,3.614412e+00,1.361145e-02,3.742446e-03,3.624591e-02
186,1.000000e+01,-6.666667e+00,3.642775e+00,3.668048e+00,3.619074e+00,2.527236e-02,6.937665e-03,4.897375e-02
187,1.000000e+01,-5.555556e+00,3.644795e+00,3.677818e+00,3.629039e+00,3.302228e-02,9.060118e-03,4.877894e-02
188,1.000000e+01,-4.444444e+00,3.643908e+00,3.608564e+00,3.607556e+00,-3.534416e-02,9.699522e-03,1.007178e-03
189,1.000000e+01,-3.333333e+00,3.640890e+00,3.695173e+00,3.639330e+00,5.428377e-02,1.490948e-02,5.584352e-02
190,1.000000e+01,-2.222222e+00,3.636408e+00,3.685656e+00,3.647204e+00,4.924767e-02,1.354294e-02,3.845200e-02
191,1.000000e+01,-1.111111e+00,3.630919e+00,3.673668e+00,3.641471e+00,4.274922e-02,1.177367e-02,3.219742e-02
192,1.000000e+01,0.000000e+00,3.624565e+00,3.663725e+00,3.621331e+00,3.915960e-02,1.080394e-02,4.239410e-02
193,1.000000e+01,1.111111e+00,3.617104e+00,3.654822e+00,3.611982e+00,3.771831e-02,1.042777e-02,4.284022e-02
194,1.000000e+01,2.222222e+00,3.607894e+00,3.678533e+00,3.632942e+00,7.063931e-02,1.957910e-02,4.559078e-02
195,1.000000e+01,3.333333e+00,3.595953e+00,3.655998e+00,3.609836e+00,6.004475e-02,1.669787e-02,4.616234e-02
196,1.000000e+01,4.444444e+00,3.580107e+00,3.638632e+00,3.598131e+00,5.852510e-02,1.634730e-02,4.050129e-02
197,1.000000e+01,5.555556e+00,3.559191e+00,3.593113e+00,3.554756e+00,3.392164e-02,9.530714e-03,3.835742e-02
198,1.000000e+01,6.666667e+00,3.532290e+00,3.590113e+00,3.553607e+00,5.782374e-02,1.637005e-02,3.650621e-02
199,1.000000e+01,7.777778e+00,3.498947e+00,3.561539e+00,3.516864e+00,6.259212e-02,1.788885e-02,4.467489e-02
200,1.000000e+01,8.888889e+00,3.459298e+00,3.511175e+00,3.462124e+00,5.187796e-02,1.499667e-02,4.905115e-02
201,1.000000e+01,1.000000e+01,3.414055e+00,3.425961e+00,3.384804e+00,1.190692e-02,3.487618e-03,4.115707e-02
202,1.000000e+01,1.111111e+01,3.364363e+00,3.418109e+00,3.375529e+00,5.374653e-02,1.597525e-02,4.258034e-02
203,1.000000e+01,1.222222e+01,3.311568e+00,3.371932e+00,3.331387e+00,6.036350e-02,1.822807e-02,4.054460e-02
204,1.000000e+01,1.333333e+01,3.256999e+00,3.300643e+00,3.272149e+00,4.364346e-02,1.339990e-02,2.849398e-02
205,1.000000e+01,1.444444e+01,3.201827e+00,3.235659e+00,3.192540e+00,3.383206e-02,1.056649e-02,4.311880e-02
206,1.000000e+01,1.555556e+01,3.147032e+00,3.169994e+00,3.127633e+00,2.296297e-02,7.296707e-03,4.236171e-02
207,1.000000e+01,1.666667e+01,3.093445e+00,3.122640e+00,2.985553e+00,2.919495e-02,9.437684e-03,1.370863e-01
208,1.000000e+01,1.777778e+01,3.041824e+00,3.069481e+00,3.031321e+00,2.765761e-02,9.092443e-03,3.816053e-02
209,1.000000e+01,1.888889e+01,2.992919e+00,3.011725e+00,2.975750e+00,1.880607e-02,6.283522e-03,3.597547e-02
210,1.000000e+01,2.000000e+01,2.947512e+00,2.950159e+00,2.925640e+00,2.646628e-03,8.979193e-04,2.451827e-02
211,1.000000e+01,2.111111e+01,2.906412e+00,2.930484e+00,2.904080e+00,2.407171e-02,8.282278e-03,2.640364e-02
212,1.000000e+01,2.222222e+01,2.870423e+00,2.889019e+00,2.863597e+00,1.859539e-02,6.478275e-03,2.542114e-02
213,1.000000e+01,2.333333e+01,2.840280e+00,2.828862e+00,2.809490e+00,-1.141813e-02,4.020074e-03,1.937235e-02
214,1.000000e+01,2.444444e+01,2.816572e+00,2.825721e+00,2.810815e+00,9.149196e-03,3.248344e-03,1.490658e-02
215,1.000000e+01,2.555556e+01,2.799673e+00,2.787858e+00,2.773654e+00,-1.181549e-02,4.220311e-03,1.420373e-02
216,1.000000e+01,2.666667e+01,2.789700e+00,2.749575e+00,2.717179e+00,-4.012446e-02,1.438307e-02,3.239617e-02
217,1.000000e+01,2.777778e+01,2.786512e+00,2.792008e+00,2.769621e+00,5.495980e-03,1.972351e-03,2.238729e-02
218,1.000000e+01,2.888889e+01,2.789769e+00,2.793511e+00,2.789594e+00,3.741784e-03,1.341252e-03,3.916856e-03
219,1.000000e+01,3.000000e+01,2.799020e+00,2.799020e+00,2.799020e+00,-1.332268e-15,4.759765e-16,8.881784e-16
220,2.000000e+01,-3.000000e+01,2.599123e+00,2.599123e+00,2.599123e+00,0.000000e+00,0.000000e+00,0.000000e+00
221,2.000000e+01,-2.888889e+01,2.616842e+00,2.644821e+00,2.642001e+00,2.797881e-02,1.069182e-02,2.819318e-03
222,2.000000e+01,-2.777778e+01,2.646022e+00,2.655510e+00,2.649902e+00,9.488447e-03,3.585929e-03,5.607902e-03
223,2.000000e+01,-2.666667e+01,2.686099e+00,2.691771e+00,2.686566e+00,5.672358e-03,2.111745e-03,5.205041e-03
224,2.000000e+01,-2.555556e+01,2.735963e+00,2.743689e+00,2.735437e+00,7.726019e-03,2.823876e-03,8.251453e-03
225,2.000000e+01,-2.444444e+01,2.793892e+00,2.815685e+00,2.804514e+00,2.179290e-02,7.800192e-03,1.117165e-02
226,2.000000e+01,-2.333333e+01,2.857625e+00,2.906333e+00,2.892958e+00,4.870761e-02,1.704479e-02,1.337429e-02
227,2.000000e+01,-2.222222e+01,2.924588e+00,2.975439e+00,2.958385e+00,5.085126e-02,1.738749e-02,1.705478e-02
228,2.000000e+01,-2.111111e+01,2.992247e+00,3.034053e+00,3.027289e+00,4.180567e-02,1.397133e-02,6.763413e-03
229,2.000000e+01,-2.000000e+01,3.058447e+00,3.088713e+00,3.068201e+00,3.026559e-02,9.895738e-03,2.051211e-02
230,2.000000e+01,-1.888889e+01,3.121628e+00,3.158866e+00,3.138578e+00,3.723820e-02,1.192910e-02,2.028742e-02
231,2.000000e+01,-1.777778e+01,3.180843e+00,3.239963e+00,3.217752e+00,5.912038e-02,1.858639e-02,2.221174e-02
232,2.000000e+01,-1.666667e+01,3.235649e+00,3.271253e+00,3.221386e+00,3.560402e-02,1.100367e-02,4.986722e-02
233,2.000000e+01,-1.555556e+01,3.285925e+00,3.312782e+00,3.270828e+00,2.685700e-02,8.173345e-03,4.195406e-02
234,2.000000e+01,-1.444444e+01,3.331714e+00,3.333909e+00,3.311682e+00,2.194487e-03,6.586662e-04,2.222707e-02
235,2.000000e+01,-1.333333e+01,3.373120e+00,3.395958e+00,3.371538e+00,2.283741e-02,6.770411e-03,2.441984e-02
236,2.000000e+01,-1.222222e+01,3.410253e+00,3.429146e+00,3.405278e+00,1.889364e-02,5.540245e-03,2.386789e-02
237,2.000000e+01,-1.111111e+01,3.443211e+00,3.467881e+00,3.426322e+00,2.466955e-02,7.164693e-03,4.155836e-02
238,2.000000e+01,-1.000000e+01,3.472091e+00,3.503772e+00,3.482039e+00,3.168127e-02,9.124551e-03,2.173298e-02
239,2.000000e+01,-8.888889e+00,3.496993e+00,3.511828e+00,3.494413e+00,1.483454e-02,4.242085e-03,1.741463e-02
240,2.000000e+01,-7.777778e+00,3.518032e+00,3.547663e+00,3.521761e+00,2.963106e-02,8.422624e-03,2.590153e-02
241,2.000000e+01,-6.666667e+00,3.535331e+00,3.579979e+00,3.556952e+00,4.464821e-02,1.262915e-02,2.302630e-02
242,2.000000e+01,-5.555556e+00,3.549017e+00,3.579552e+00,3.561062e+00,3.053452e-02,8.603656e-03,1.848935e-02
243,2.000000e+01,-4.444444e+00,3.559199e+00,3.597784e+00,3.570164e+00,3.858486e-02,1.084088e-02,2.762026e-02
244,2.000000e+01,-3.333333e+00,3.565935e+00,3.606565e+00,3.566581e+00,4.062940e-02,1.139376e-02,3.998404e-02
245,2.000000e+01,-2.222222e+00,3.569195e+00,3.591468e+00,3.573407e+00,2.227265e-02,6.240245e-03,1.806062e-02
246,2.000000e+01,-1.111111e+00,3.568808e+00,3.598543e+00,3.583543e+00,2.973582e-02,8.332144e-03,1.500006e-02
247,2.000000e+01,0.000000e+00,3.564405e+00,3.582945e+00,3.576511e+00,1.853962e-02,5.201322e-03,6.433907e-03
248,2.000000e+01,1.111111e+00,3.555358e+00,3.598796e+00,3.581545e+00,4.343787e-02,1.221758e-02,1.725032e-02
249,2.000000e+01,2.222222e+00,3.540709e+00,3.576577e+00,3.558670e+00,3.586820e-02,1.013023e-02,1.790670e-02
250,2.000000e+01,3.333333e+00,3.519138e+00,3.516363e+00,3.482536e+00,-2.775482e-03,7.886823e-04,3.382654e-02
251,2.000000e+01,4.444444e+00,3.488994e+00,3.489214e+00,3.468433e+00,2.206200e-04,6.323312e-05,2.078140e-02
252,2.000000e+01,5.555556e+00,3.448482e+00,3.473216e+00,3.450371e+00,2.473393e-02,7.172413e-03,2.284437e-02
253,2.000000e+01,6.666667e+00,3.396105e+00,3.444124e+00,3.417915e+00,4.801931e-02,1.413953e-02,2.620905e-02
254,2.000000e+01,7.777778e+00,3.331371e+00,3.361181e+00,3.340353e+00,2.981019e-02,8.948324e-03,2.082747e-02
255,2.000000e+01,8.888889e+00,3.255545e+00,3.297321e+00,3.269440e+00,4.177596e-02,1.283225e-02,2.788037e-02
256,2.000000e+01,1.000000e+01,3.171938e+00,3.218103e+00,3.195976e+00,4.616508e-02,1.455422e-02,2.212729e-02
257,2.000000e+01,1.111111e+01,3.085270e+00,3.160252e+00,3.124787e+00,7.498226e-02,2.430331e-02,3.546492e-02
258,2.000000e+01,1.222222e+01,3.000274e+00,3.021629e+00,3.000014e+00,2.135566e-02,7.117903e-03,2.161512e-02
259,2.000000e+01,1.333333e+01,2.920369e+00,2.906309e+00,2.886746e+00,-1.405955e-02,4.814307e-03,1.956375e-02
260,2.000000e+01,1.444444e+01,2.847162e+00,2.838286e+00,2.816915e+00,-8.876063e-03,3.117513e-03,2.137082e-02
261,2.000000e+01,1.555556e+01,2.780779e+00,2.815809e+00,2.791512e+00,3.503023e-02,1.259727e-02,2.429730e-02
262,2.000000e+01,1.666667e+01,2.720559e+00,2.685951e+00,2.673415e+00,-3.460795e-02,1.272089e-02,1.253626e-02
263,2.000000e+01,1.777778e+01,2.665654e+00,2.650393e+00,2.627515e+00,-1.526094e-02,5.725025e-03,2.287795e-02
264,2.000000e+01,1.888889e+01,2.615380e+00,2.601945e+00,2.581609e+00,-1.343539e-02,5.137070e-03,2.033597e-02
265,2.000000e+01,2.000000e+01,2.569355e+00,2.567459e+00,2.544651e+00,-1.895737e-03,7.378262e-04,2.280808e-02
266,2.000000e+01,2.111111e+01,2.527502e+00,2.525275e+00,2.507814e+00,-2.226345e-03,8.808480e-04,1.746095e-02
267,2.000000e+01,2.222222e+01,2.490000e+00,2.493707e+00,2.481524e+00,3.706836e-03,1.488689e-03,1.218290e-02
268,2.000000e+01,2.333333e+01,2.457218e+00,2.458125e+00,2.443634e+00,9.068445e-04,3.690533e-04,1.449098e-02
269,2.000000e+01,2.444444e+01,2.429648e+00,2.432465e+00,2.410798e+00,2.816397e-03,1.159179e-03,2.166604e-02
270,2.000000e+01,2.555556e+01,2.407856e+00,2.420645e+00,2.410142e+00,1.278960e-02,5.311614e-03,1.050331e-02
271,2.000000e+01,2.666667e+01,2.392438e+00,2.398469e+00,2.391393e+00,6.031656e-03,2.521134e-03,7.076547e-03
272,2.000000e+01,2.777778e+01,2.383989e+00,2.386351e+00,2.382932e+00,2.362049e-03,9.907969e-04,3.418424e-03
273,2.000000e+01,2.888889e+01,2.383077e+00,2.385245e+00,2.381810e+00,2.167646e-03,9.095994e-04,3.434800e-03
274,2.000000e+01,3.000000e+01,2.390221e+00,2.390221e+00,2.390221e+00,-8.881784e-16,3.715885e-16,8.881784e-16
275,-3.000000e+01,-2.000000e+01,3.017546e+00,3.017546e+00,3.017546e+00,-4.440892e-16,1.471690e-16,4.440892e-16
276,-2.888889e+01,-2.000000e+01,3.030506e+00,3.024679e+00,3.020965e+00,-5.827309e-03,1.922883e-03,3.713648e-03
277,-2.777778e+01,-2.000000e+01,3.044183e+00,3.040010e+00,3.029816e+00,-4.173480e-03,1.370969e-03,1.019399e-02
278,-2.666667e+01,-2.000000e+01,3.058362e+00,3.044838e+00,3.032051e+00,-1.352420e-02,4.422042e-03,1.278645e-02
279,-2.555556e+01,-2.000000e+01,3.072756e+00,3.066253e+00,3.048340e+00,-6.503392e-03,2.116469e-03,1.791312e-02
280,-2.444444e+01,-2.000000e+01,3.087009e+00,3.081959e+00,3.059772e+00,-5.050364e-03,1.636006e-03,2.218733e-02
281,-2.333333e+01,-2.000000e+01,3.100686e+00,3.081332e+00,3.052039e+00,-1.935434e-02,6.241954e-03,2.929246e-02
282,-2.222222e+01,-2.000000e+01,3.113267e+00,3.106937e+00,3.057910e+00,-6.329544e-03,2.033088e-03,4.902739e-02
283,-2.111111e+01,-2.000000e+01,3.124141e+00,3.096833e+00,3.061137e+00,-2.730865e-02,8.741169e-03,3.569619e-02
284,-1.888889e+01,-2.000000e+01,3.137943e+00,3.107159e+00,3.058458e+00,-3.078387e-02,9.810205e-03,4.870165e-02
285,-1.777778e+01,-2.000000e+01,3.139389e+00,3.117747e+00,3.071309e+00,-2.164198e-02,6.893690e-03,4.643802e-02
286,-1.666667e+01,-2.000000e+01,3.136347e+00,3.116614e+00,3.042637e+00,-1.973324e-02,6.291791e-03,7.397714e-02
287,-1.555556e+01,-2.000000e+01,3.128493e+00,3.102803e+00,3.042162e+00,-2.568991e-02,8.211594e-03,6.064103e-02
288,-1.444444e+01,-2.000000e+01,3.115943e+00,3.097690e+00,3.030770e+00,-1.825247e-02,5.857769e-03,6.691995e-02
289,-1.333333e+01,-2.000000e+01,3.099359e+00,3.082271e+00,3.010358e+00,-1.708816e-02,5.513451e-03,7.191300e-02
290,-1.222222e+01,-2.000000e+01,3.079924e+00,3.074266e+00,2.997438e+00,-5.657496e-03,1.836895e-03,7.682875e-02
291,-1.111111e+01,-2.000000e+01,3.059171e+00,3.029001e+00,2.952984e+00,-3.017042e-02,9.862287e-03,7.601631e-02
292,-8.888889e+00,-2.000000e+01,3.019971e+00,2.989300e+00,2.913077e+00,-3.067073e-02,1.015597e-02,7.622382e-02
293,-7.777778e+00,-2.000000e+01,3.004004e+00,3.009497e+00,2.914833e+00,5.493512e-03,1.828730e-03,9.466460e-02
294,-6.666667e+00,-2.000000e+01,2.991456e+00,2.991200e+00,2.920529e+00,-2.568454e-04,8.585966e-05,7.067080e-02
295,-5.555556e+00,-2.000000e+01,2.982621e+00,2.952513e+00,2.871057e+00,-3.010818e-02,1.009454e-02,8.145651e-02
296,-4.444444e+00,-2.000000e+01,2.977544e+00,2.972654e+00,2.864679e+00,-4.890278e-03,1.642387e-03,1.079743e-01
297,-3.333333e+00,-2.000000e+01,2.976129e+00,2.912898e+00,2.851383e+00,-6.323054e-02,2.124590e-02,6.151566e-02
298,-2.222222e+00,-2.000000e+01,2.978221e+00,2.938149e+00,2.872460e+00,-4.007208e-02,1.345504e-02,6.568931e-02
299,-1.111111e+00,-2.000000e+01,2.983647e+00,2.945230e+00,2.898718e+00,-3.841679e-02,1.287579e-02,4.651207e-02
300,1.111111e+00,-2.000000e+01,3.003693e+00,2.962049e+00,2.908593e+00,-4.164403e-02,1.386428e-02,5.345589e-02
301,2.222222e+00,-2.000000e+01,3.017759e+00,3.008950e+00,2.961712e+00,-8.809414e-03,2.919191e-03,4.723830e-02
302,3.333333e+00,-2.000000e+01,3.033950e+00,3.023441e+00,2.978776e+00,-1.050989e-02,3.464094e-03,4.466422e-02
303,4.444444e+00,-2.000000e+01,3.051623e+00,3.053197e+00,3.005291e+00,1.574385e-03,5.159172e-04,4.790601e-02
304,5.555556e+00,-2.000000e+01,3.069948e+00,3.125049e+00,3.084197e+00,5.510035e-02,1.794830e-02,4.085202e-02
305,6.666667e+00,-2.000000e+01,3.087959e+00,3.084696e+00,3.062191e+00,-3.262399e-03,1.056491e-03,2.250532e-02
306,7.777778e+00,-2.000000e+01,3.104631e+00,3.186491e+00,3.140040e+00,8.185993e-02,2.636704e-02,4.645083e-02
307,8.888889e+00,-2.000000e+01,3.119005e+00,3.152875e+00,3.115080e+00,3.387042e-02,1.085937e-02,3.779515e-02
308,1.111111e+01,-2.000000e+01,3.137895e+00,3.219217e+00,3.183494e+00,8.132120e-02,2.591584e-02,3.572294e-02
309,1.222222e+01,-2.000000e+01,3.141529e+00,3.211269e+00,3.173544e+00,6.973953e-02,2.219923e-02,3.772533e-02
310,1.333333e+01,-2.000000e+01,3.141082e+00,3.184508e+00,3.153377e+00,4.342687e-02,1.382545e-02,3.113133e-02
311,1.444444e+01,-2.000000e+01,3.136606e+00,3.177420e+00,3.139277e+00,4.081331e-02,1.301193e-02,3.814247e-02
312,1.555556e+01,-2.000000e+01,3.128246e+00,3.184368e+00,3.154797e+00,5.612139e-02,1.794021e-02,2.957081e-02
313,1.666667e+01,-2.000000e+01,3.116164e+00,3.153634e+00,3.133180e+00,3.747039e-02,1.202453e-02,2.045467e-02
314,1.777778e+01,-2.000000e+01,3.100489e+00,3.134607e+00,3.111360e+00,3.411840e-02,1.100420e-02,2.324661e-02
315,1.888889e+01,-2.000000e+01,3.081271e+00,3.139156e+00,3.120071e+00,5.788499e-02,1.878608e-02,1.908430e-02
316,2.111111e+01,-2.000000e+01,3.031818e+00,3.082427e+00,3.064845e+00,5.060899e-02,1.669262e-02,1.758245e-02
317,2.222222e+01,-2.000000e+01,3.001034e+00,3.007800e+00,2.994463e+00,6.766439e-03,2.254703e-03,1.333723e-02
318,2.333333e+01,-2.000000e+01,2.965614e+00,2.978300e+00,2.966668e+00,1.268633e-02,4.277810e-03,1.163243e-02
319,2.444444e+01,-2.000000e+01,2.925015e+00,2.945474e+00,2.931568e+00,2.045866e-02,6.994379e-03,1.390538e-02
320,2.555556e+01,-2.000000e+01,2.878775e+00,2.899793e+00,2.876943e+00,2.101764e-02,7.300897e-03,2.284996e-02
321,2.666667e+01,-2.000000e+01,2.826765e+00,2.813094e+00,2.808335e+00,-1.367054e-02,4.836107e-03,4.759967e-03
322,2.777778e+01,-2.000000e+01,2.769515e+00,2.733458e+00,2.728484e+00,-3.605656e-02,1.301909e-02,4.974561e-03
323,2.888889e+01,-2.000000e+01,2.708511e+00,2.709812e+00,2.707897e+00,1.301756e-03,4.806168e-04,1.915197e-03
324,3.000000e+01,-2.000000e+01,2.646266e+00,2.646266e+00,2.646266e+00,-1.776357e-15,6.712691e-16,1.332268e-15
325,-3.000000e+01,-1.000000e+01,3.054238e+00,3.054238e+00,3.054238e+00,0.000000e+00,0.000000e+00,0.000000e+00
326,-2.888889e+01,-1.000000e+01,3.077076e+00,3.074671e+00,3.063804e+00,-2.404771e-03,7.815119e-04,1.086683e-02
327,-2.777778e+01,-1.000000e+01,3.096712e+00,3.087790e+00,3.076190e+00,-8.922692e-03,2.881344e-03,1.159990e-02
328,-2.666667e+01,-1.000000e+01,3.112919e+00,3.103383e+00,3.086003e+00,-9.535906e-03,3.063333e-03,1.737976e-02
329,-2.555556e+01,-1.000000e+01,3.125569e+00,3.100879e+00,3.079883e+00,-2.469035e-02,7.899475e-03,2.099518e-02
330,-2.444444e+01,-1.000000e+01,3.134710e+00,3.125703e+00,3.094372e+00,-9.007240e-03,2.873389e-03,3.133095e-02
331,-2.333333e+01,-1.000000e+01,3.140615e+00,3.110852e+00,3.071706e+00,-2.976263e-02,9.476689e-03,3.914640e-02
332,-2.222222e+01,-1.000000e+01,3.143792e+00,3.114380e+00,3.068187e+00,-2.941199e-02,9.355577e-03,4.619304e-02
333,-2.111111e+01,-1.000000e+01,3.144953e+00,3.104235e+00,3.049632e+00,-4.071894e-02,1.294739e-02,5.460285e-02
334,-1.888889e+01,-1.000000e+01,3.144550e+00,3.107796e+00,3.046342e+00,-3.675388e-02,1.168812e-02,6.145432e-02
335,-1.777778e+01,-1.000000e+01,3.144576e+00,3.097155e+00,3.035062e+00,-4.742156e-02,1.508043e-02,6.209255e-02
336,-1.666667e+01,-1.000000e+01,3.145609e+00,3.084099e+00,3.016843e+00,-6.151010e-02,1.955427e-02,6.725663e-02
337,-1.555556e+01,-1.000000e+01,3.148090e+00,3.106234e+00,2.989031e+00,-4.185643e-02,1.329582e-02,1.172029e-01
338,-1.444444e+01,-1.000000e+01,3.152328e+00,3.099710e+00,3.007622e+00,-5.261769e-02,1.669169e-02,9.208763e-02
339,-1.333333e+01,-1.000000e+01,3.158553e+00,3.093639e+00,3.005663e+00,-6.491403e-02,2.055182e-02,8.797611e-02
340,-1.222222e+01,-1.000000e+01,3.166983e+00,3.118340e+00,3.021451e+00,-4.864322e-02,1.535948e-02,9.688875e-02
341,-1.111111e+01,-1.000000e+01,3.177870e+00,3.114191e+00,3.022955e+00,-6.367896e-02,2.003825e-02,9.123547e-02
342,-8.888889e+00,-1.000000e+01,3.208388e+00,3.161533e+00,3.058989e+00,-4.685492e-02,1.460388e-02,1.025437e-01
343,-7.777778e+00,-1.000000e+01,3.228866e+00,3.145148e+00,2.636276e+00,-8.371815e-02,2.592804e-02,5.088720e-01
344,-6.666667e+00,-1.000000e+01,3.253387e+00,3.197346e+00,2.879878e+00,-5.604076e-02,1.722536e-02,3.174683e-01
345,-5.555556e+00,-1.000000e+01,3.282209e+00,3.239142e+00,3.147297e+00,-4.306635e-02,1.312115e-02,9.184525e-02
346,-4.444444e+00,-1.000000e+01,3.315259e+00,3.311391e+00,3.219825e+00,-3.867944e-03,1.166709e-03,9.156625e-02
347,-3.333333e+00,-1.000000e+01,3.351969e+00,3.325784e+00,3.195075e+00,-2.618573e-02,7.812043e-03,1.307083e-01
348,-2.222222e+00,-1.000000e+01,3.391170e+00,3.386349e+00,3.295631e+00,-4.820635e-03,1.421526e-03,9.071827e-02
349,-1.111111e+00,-1.000000e+01,3.431145e+00,3.430120e+00,3.351619e+00,-1.025408e-03,2.988529e-04,7.850109e-02
350,1.111111e+00,-1.000000e+01,3.505473e+00,3.503557e+00,3.424862e+00,-1.916285e-03,5.466552e-04,7.869439e-02
351,2.222222e+00,-1.000000e+01,3.536434e+00,3.532557e+00,3.459893e+00,-3.877041e-03,1.096314e-03,7.266413e-02
352,3.333333e+00,-1.000000e+01,3.561953e+00,3.552221e+00,3.485414e+00,-9.732360e-03,2.732310e-03,6.680718e-02
353,4.444444e+00,-1.000000e+01,3.581842e+00,3.606470e+00,3.518798e+00,2.462796e-02,6.875779e-03,8.767221e-02
354,5.555556e+00,-1.000000e+01,3.596375e+00,3.605126e+00,3.555336e+00,8.751307e-03,2.433369e-03,4.979034e-02
355,6.666667e+00,-1.000000e+01,3.606063e+00,3.605924e+00,3.560735e+00,-1.395706e-04,3.870442e-05,4.518822e-02
356,7.777778e+00,-1.000000e+01,3.611479e+00,3.598992e+00,3.556663e+00,-1.248724e-02,3.457653e-03,4.232901e-02
357,8.888889e+00,-1.000000e+01,3.613138e+00,3.627411e+00,3.580336e+00,1.427301e-02,3.950309e-03,4.707506e-02
358,1.111111e+01,-1.000000e+01,3.606719e+00,3.599844e+00,3.553636e+00,-6.874597e-03,1.906053e-03,4.620794e-02
359,1.222222e+01,-1.000000e+01,3.599140e+00,3.611640e+00,3.564300e+00,1.250023e-02,3.473117e-03,4.734063e-02
360,1.333333e+01,-1.000000e+01,3.588843e+00,3.574110e+00,3.517153e+00,-1.473308e-02,4.105244e-03,5.695708e-02
361,1.444444e+01,-1.000000e+01,3.575903e+00,3.594783e+00,3.550785e+00,1.887931e-02,5.279593e-03,4.399788e-02
362,1.555556e+01,-1.000000e+01,3.560360e+00,3.591678e+00,3.545307e+00,3.131792e-02,8.796280e-03,4.637105e-02
363,1.666667e+01,-1.000000e+01,3.542228e+00,3.566003e+00,3.509339e+00,2.377452e-02,6.711741e-03,5.666408e-02
364,1.777778e+01,-1.000000e+01,3.521502e+00,3.542837e+00,3.512160e+00,2.133540e-02,6.058607e-03,3.067761e-02
365,1.888889e+01,-1.000000e+01,3.498148e+00,3.515583e+00,3.490044e+00,1.743558e-02,4.984231e-03,2.553966e-02
366,2.111111e+01,-1.000000e+01,3.443190e+00,3.463832e+00,3.437587e+00,2.064217e-02,5.995071e-03,2.624558e-02
367,2.222222e+01,-1.000000e+01,3.411198e+00,3.416459e+00,3.394845e+00,5.260777e-03,1.542208e-03,2.161331e-02
368,2.333333e+01,-1.000000e+01,3.375710e+00,3.379158e+00,3.363944e+00,3.448112e-03,1.021448e-03,1.521434e-02
369,2.444444e+01,-1.000000e+01,3.336105e+00,3.358621e+00,3.341574e+00,2.251532e-02,6.748984e-03,1.704665e-02
370,2.555556e+01,-1.000000e+01,3.291496e+00,3.285030e+00,3.275296e+00,-6.465827e-03,1.964404e-03,9.734453e-03
371,2.666667e+01,-1.000000e+01,3.240727e+00,3.235169e+00,3.230171e+00,-5.558015e-03,1.715052e-03,4.997302e-03
372,2.777778e+01,-1.000000e+01,3.182500e+00,3.193809e+00,3.190332e+00,1.130904e-02,3.553509e-03,3.477109e-03
373,2.888889e+01,-1.000000e+01,3.115721e+00,3.122189e+00,3.107682e+00,6.468678e-03,2.076142e-03,1.450739e-02
374,3.000000e+01,-1.000000e+01,3.040097e+00,3.040097e+00,3.040097e+00,0.000000e+00,0.000000e+00,0.000000e+00
375,-3.000000e+01,0.000000e+00,2.825201e+00,2.825201e+00,2.825201e+00,4.440892e-16,1.571886e-16,4.440892e-16
376,-2.888889e+01,0.000000e+00,2.832735e+00,2.831439e+00,2.826285e+00,-1.296136e-03,4.575563e-04,5.153373e-03
377,-2.777778e+01,0.000000e+00,2.842858e+00,2.837927e+00,2.825663e+00,-4.930613e-03,1.734386e-03,1.226442e-02
378,-2.666667e+01,0.000000e+00,2.855662e+00,2.849554e+00,2.831572e+00,-6.108278e-03,2.139006e-03,1.798199e-02
379,-2.555556e+01,0.000000e+00,2.870854e+00,2.858064e+00,2.836744e+00,-1.278998e-02,4.455114e-03,2.132009e-02
380,-2.444444e+01,0.000000e+00,2.887860e+00,2.882745e+00,2.848767e+00,-5.115722e-03,1.771458e-03,3.397713e-02
381,-2.333333e+01,0.000000e+00,2.905959e+00,2.906579e+00,2.867443e+00,6.198421e-04,2.133004e-04,3.913590e-02
382,-2.222222e+01,0.000000e+00,2.924397e+00,2.870079e+00,2.783599e+00,-5.431838e-02,1.857422e-02,8.647969e-02
383,-2.111111e+01,0.000000e+00,2.942469e+00,2.919788e+00,2.877075e+00,-2.268090e-02,7.708117e-03,4.271328e-02
384,-1.888889e+01,0.000000e+00,2.975213e+00,2.946800e+00,2.903542e+00,-2.841326e-02,9.549992e-03,4.325727e-02
385,-1.777778e+01,0.000000e+00,2.989043e+00,2.966175e+00,2.908962e+00,-2.286842e-02,7.650749e-03,5.721259e-02
386,-1.666667e+01,0.000000e+00,3.000834e+00,2.981379e+00,2.920831e+00,-1.945549e-02,6.483359e-03,6.054829e-02
387,-1.555556e+01,0.000000e+00,3.010489e+00,2.981435e+00,2.793124e+00,-2.905386e-02,9.650878e-03,1.883112e-01
388,-1.444444e+01,0.000000e+00,3.018043e+00,3.002542e+00,2.906725e+00,-1.550031e-02,5.135882e-03,9.581724e-02
389,-1.333333e+01,0.000000e+00,3.023671e+00,3.012608e+00,2.924563e+00,-1.106295e-02,3.658781e-03,8.804489e-02
390,-1.222222e+01,0.000000e+00,3.027706e+00,3.020559e+00,2.847011e+00,-7.146924e-03,2.360508e-03,1.735476e-01
391,-1.111111e+01,0.000000e+00,3.030665e+00,3.017542e+00,2.917727e+00,-1.312300e-02,4.330074e-03,9.981486e-02
392,-8.888889e+00,0.000000e+00,3.036586e+00,3.036556e+00,2.947416e+00,-3.016763e-05,9.934717e-06,8.914028e-02
393,-7.777778e+00,0.000000e+00,3.041906e+00,3.049674e+00,2.959519e+00,7.768038e-03,2.553675e-03,9.015497e-02
394,-6.666667e+00,0.000000e+00,3.050959e+00,3.063467e+00,2.975479e+00,1.250814e-02,4.099740e-03,8.798789e-02
395,-5.555556e+00,0.000000e+00,3.065804e+00,3.052602e+00,2.949539e+00,-1.320160e-02,4.306080e-03,1.030634e-01
396,-4.444444e+00,0.000000e+00,3.088672e+00,3.080148e+00,2.986689e+00,-8.523938e-03,2.759742e-03,9.345929e-02
397,-3.333333e+00,0.000000e+00,3.121532e+00,3.154783e+00,3.082564e+00,3.325112e-02,1.065218e-02,7.221908e-02
398,-2.222222e+00,0.000000e+00,3.165356e+00,3.199579e+00,3.126050e+00,3.422313e-02,1.081178e-02,7.352900e-02
399,-1.111111e+00,0.000000e+00,3.219285e+00,3.265151e+00,3.188211e+00,4.586562e-02,1.424714e-02,7.694013e-02
400,1.111111e+00,0.000000e+00,3.343338e+00,3.398152e+00,3.337368e+00,5.481416e-02,1.639504e-02,6.078427e-02
401,2.222222e+00,0.000000e+00,3.403674e+00,3.443844e+00,3.368651e+00,4.017014e-02,1.180199e-02,7.519284e-02
402,3.333333e+00,0.000000e+00,3.457524e+00,3.499686e+00,3.438557e+00,4.216244e-02,1.219440e-02,6.112874e-02
403,4.444444e+00,0.000000e+00,3.503146e+00,3.564363e+00,3.486210e+00,6.121720e-02,1.747492e-02,7.815283e-02
404,5.555556e+00,0.000000e+00,3.540442e+00,3.528276e+00,3.461101e+00,-1.216640e-02,3.436406e-03,6.717533e-02
405,6.666667e+00,0.000000e+00,3.570225e+00,3.631686e+00,3.581697e+00,6.146098e-02,1.721488e-02,4.998835e-02
406,7.777778e+00,0.000000e+00,3.593569e+00,3.659763e+00,3.608716e+00,6.619450e-02,1.842027e-02,5.104770e-02
407,8.888889e+00,0.000000e+00,3.611441e+00,3.669221e+00,3.622677e+00,5.778012e-02,1.599919e-02,4.654412e-02
408,1.111111e+01,0.000000e+00,3.633415e+00,3.689698e+00,3.652798e+00,5.628257e-02,1.549027e-02,3.690043e-02
409,1.222222e+01,0.000000e+00,3.638271e+00,3.674985e+00,3.646931e+00,3.671456e-02,1.009121e-02,2.805473e-02
410,1.333333e+01,0.000000e+00,3.639271e+00,3.688161e+00,3.653354e+00,4.888969e-02,1.343392e-02,3.480728e-02
411,1.444444e+01,0.000000e+00,3.636467e+00,3.681184e+00,3.644374e+00,4.471704e-02,1.229684e-02,3.681019e-02
412,1.555556e+01,0.000000e+00,3.629856e+00,3.675067e+00,3.642392e+00,4.521080e-02,1.245526e-02,3.267509e-02
413,1.666667e+01,0.000000e+00,3.619406e+00,3.652496e+00,3.637206e+00,3.309060e-02,9.142550e-03,1.528990e-02
414,1.777778e+01,0.000000e+00,3.605063e+00,3.661671e+00,3.630172e+00,5.660881e-02,1.570259e-02,3.149924e-02
415,1.888889e+01,0.000000e+00,3.586759e+00,3.632012e+00,3.614559e+00,4.525311e-02,1.261671e-02,1.745330e-02
416,2.111111e+01,0.000000e+00,3.537888e+00,3.585740e+00,3.571708e+00,4.785193e-02,1.352556e-02,1.403169e-02
417,2.222222e+01,0.000000e+00,3.507059e+00,3.544144e+00,3.529672e+00,3.708443e-02,1.057422e-02,1.447226e-02
418,2.333333e+01,0.000000e+00,3.471741e+00,3.520450e+00,3.494804e+00,4.870894e-02,1.403012e-02,2.564556e-02
419,2.444444e+01,0.000000e+00,3.431736e+00,3.464469e+00,3.455379e+00,3.273263e-02,9.538214e-03,9.089495e-03
420,2.555556e+01,0.000000e+00,3.386872e+00,3.388529e+00,3.371234e+00,1.656944e-03,4.892253e-04,1.729503e-02
421,2.666667e+01,0.000000e+00,3.337073e+00,3.346003e+00,3.340152e+00,8.930674e-03,2.676200e-03,5.851466e-03
422,2.777778e+01,0.000000e+00,3.282462e+00,3.294562e+00,3.284464e+00,1.209970e-02,3.686165e-03,1.009803e-02
423,2.888889e+01,0.000000e+00,3.223490e+00,3.189191e+00,3.188695e+00,-3.429964e-02,1.064053e-02,4.955490e-04
424,3.000000e+01,0.000000e+00,3.161024e+00,3.161024e+00,3.161024e+00,-4.440892e-16,1.404890e-16,4.440892e-16
425,-3.000000e+01,1.000000e+01,2.748816e+00,2.748816e+00,2.748816e+00,-1.332268e-15,4.846696e-16,8.881784e-16
426,-2.888889e+01,1.000000e+01,2.734560e+00,2.729735e+00,2.725425e+00,-4.825111e-03,1.764493e-03,4.309700e-03
427,-2.777778e+01,1.000000e+01,2.729879e+00,2.739759e+00,2.726355e+00,9.879823e-03,3.619143e-03,1.340394e-02
428,-2.666667e+01,1.000000e+01,2.733835e+00,2.734504e+00,2.720675e+00,6.687973e-04,2.446370e-04,1.382933e-02
429,-2.555556e+01,1.000000e+01,2.744705e+00,2.733687e+00,2.718951e+00,-1.101780e-02,4.014203e-03,1.473618e-02
430,-2.444444e+01,1.000000e+01,2.760595e+00,2.760596e+00,2.735736e+00,6.822776e-07,2.471488e-07,2.485964e-02
431,-2.333333e+01,1.000000e+01,2.779791e+00,2.784785e+00,2.753043e+00,4.994093e-03,1.796571e-03,3.174156e-02
432,-2.222222e+01,1.000000e+01,2.800893e+00,2.816788e+00,2.764297e+00,1.589504e-02,5.674991e-03,5.249126e-02
433,-2.111111e+01,1.000000e+01,2.822821e+00,2.837253e+00,2.771816e+00,1.443159e-02,5.112470e-03,6.543719e-02
434,-1.888889e+01,1.000000e+01,2.866168e+00,2.874396e+00,2.809848e+00,8.228461e-03,2.870893e-03,6.454866e-02
435,-1.777778e+01,1.000000e+01,2.886601e+00,2.886477e+00,2.861180e+00,-1.245160e-04,4.313585e-05,2.529693e-02
436,-1.666667e+01,1.000000e+01,2.905810e+00,2.903630e+00,2.856028e+00,-2.179378e-03,7.500072e-04,4.760243e-02
437,-1.555556e+01,1.000000e+01,2.923645e+00,2.926121e+00,2.869350e+00,2.475196e-03,8.466129e-04,5.677032e-02
438,-1.444444e+01,1.000000e+01,2.940065e+00,2.913619e+00,2.867056e+00,-2.644560e-02,8.994904e-03,4.656303e-02
439,-1.333333e+01,1.000000e+01,2.955122e+00,2.960698e+00,2.909872e+00,5.576309e-03,1.886998e-03,5.082602e-02
440,-1.222222e+01,1.000000e+01,2.968965e+00,2.949824e+00,2.908786e+00,-1.914106e-02,6.447049e-03,4.103804e-02
441,-1.111111e+01,1.000000e+01,2.981849e+00,2.984388e+00,2.925962e+00,2.538686e-03,8.513796e-04,5.842637e-02
442,-8.888889e+00,1.000000e+01,3.006329e+00,3.009265e+00,2.955709e+00,2.936018e-03,9.766124e-04,5.355621e-02
443,-7.777778e+00,1.000000e+01,3.019043e+00,3.023118e+00,2.968298e+00,4.075192e-03,1.349829e-03,5.482023e-02
444,-6.666667e+00,1.000000e+01,3.033048e+00,3.023763e+00,2.996127e+00,-9.284491e-03,3.061109e-03,2.763675e-02
445,-5.555556e+00,1.000000e+01,3.049221e+00,3.066137e+00,3.013727e+00,1.691615e-02,5.547695e-03,5.241004e-02
446,-4.444444e+00,1.000000e+01,3.068486e+00,3.063660e+00,2.972838e+00,-4.825319e-03,1.572541e-03,9.082199e-02
447,-3.333333e+00,1.000000e+01,3.091677e+00,3.097372e+00,3.050772e+00,5.695045e-03,1.842057e-03,4.659977e-02
448,-2.222222e+00,1.000000e+01,3.119341e+00,3.146541e+00,3.094334e+00,2.719973e-02,8.719705e-03,5.220698e-02
449,-1.111111e+00,1.000000e+01,3.151502e+00,3.194031e+00,3.145564e+00,4.252911e-02,1.349487e-02,4.846673e-02
450,1.111111e+00,1.000000e+01,3.225830e+00,3.281668e+00,3.235303e+00,5.583801e-02,1.730966e-02,4.636455e-02
451,2.222222e+00,1.000000e+01,3.264606e+00,3.303554e+00,3.251666e+00,3.894843e-02,1.193052e-02,5.188867e-02
452,3.333333e+00,1.000000e+01,3.301660e+00,3.339181e+00,3.297320e+00,3.752042e-02,1.136411e-02,4.186120e-02
453,4.444444e+00,1.000000e+01,3.335069e+00,3.392011e+00,3.348124e+00,5.694251e-02,1.707386e-02,4.388682e-02
454,5.555556e+00,1.000000e+01,3.363387e+00,3.421184e+00,3.326297e+00,5.779626e-02,1.718395e-02,9.488657e-02
455,6.666667e+00,1.000000e+01,3.385724e+00,3.434140e+00,3.385907e+00,4.841577e-02,1.429997e-02,4.823241e-02
456,7.777778e+00,1.000000e+01,3.401657e+00,3.427681e+00,3.385916e+00,2.602426e-02,7.650467e-03,4.176456e-02
457,8.888889e+00,1.000000e+01,3.411080e+00,3.465551e+00,3.420939e+00,5.447151e-02,1.596900e-02,4.461181e-02
458,1.111111e+01,1.000000e+01,3.410699e+00,3.472213e+00,3.429457e+00,6.151438e-02,1.803571e-02,4.275559e-02
459,1.222222e+01,1.000000e+01,3.401123e+00,3.461025e+00,3.412288e+00,5.990262e-02,1.761260e-02,4.873679e-02
460,1.333333e+01,1.000000e+01,3.385412e+00,3.454062e+00,3.442061e+00,6.865030e-02,2.027827e-02,1.200127e-02
461,1.444444e+01,1.000000e+01,3.363641e+00,3.407648e+00,3.373726e+00,4.400761e-02,1.308333e-02,3.392239e-02
462,1.555556e+01,1.000000e+01,3.335915e+00,3.367769e+00,3.324169e+00,3.185412e-02,9.548839e-03,4.360035e-02
463,1.666667e+01,1.000000e+01,3.302428e+00,3.318894e+00,3.285778e+00,1.646521e-02,4.985789e-03,3.311586e-02
464,1.777778e+01,1.000000e+01,3.263527e+00,3.330800e+00,3.301042e+00,6.727304e-02,2.061360e-02,2.975789e-02
465,1.888889e+01,1.000000e+01,3.219766e+00,3.270410e+00,3.212628e+00,5.064432e-02,1.572919e-02,5.778227e-02
466,2.111111e+01,1.000000e+01,3.121058e+00,3.173263e+00,3.150219e+00,5.220514e-02,1.672675e-02,2.304388e-02
467,2.222222e+01,1.000000e+01,3.068299e+00,3.075599e+00,3.062674e+00,7.300796e-03,2.379428e-03,1.292507e-02
468,2.333333e+01,1.000000e+01,3.014886e+00,3.018683e+00,3.007576e+00,3.796186e-03,1.259147e-03,1.110610e-02
469,2.444444e+01,1.000000e+01,2.961990e+00,2.996282e+00,2.966846e+00,3.429197e-02,1.157734e-02,2.943584e-02
470,2.555556e+01,1.000000e+01,2.910632e+00,2.936757e+00,2.924839e+00,2.612458e-02,8.975568e-03,1.191744e-02
471,2.666667e+01,1.000000e+01,2.861643e+00,2.855945e+00,2.843330e+00,-5.698422e-03,1.991311e-03,1.261483e-02
472,2.777778e+01,1.000000e+01,2.815667e+00,2.820547e+00,2.806917e+00,4.879815e-03,1.733094e-03,1.362925e-02
473,2.888889e+01,1.000000e+01,2.773205e+00,2.789706e+00,2.786067e+00,1.650078e-02,5.950076e-03,3.639083e-03
474,3.000000e+01,1.000000e+01,2.734675e+00,2.734675e+00,2.734675e+00,0.000000e+00,0.000000e+00,0.000000e+00
475,-3.000000e+01,2.000000e+01,2.759873e+00,2.759873e+00,2.759873e+00,-4.440892e-16,1.609093e-16,4.440892e-16
476,-2.888889e+01,2.000000e+01,2.722865e+00,2.732684e+00,2.730568e+00,9.818273e-03,3.605861e-03,2.115244e-03
477,-2.777778e+01,2.000000e+01,2.689941e+00,2.683598e+00,2.677617e+00,-6.342881e-03,2.358000e-03,5.980484e-03
478,-2.666667e+01,2.000000e+01,2.663217e+00,2.653774e+00,2.647828e+00,-9.443760e-03,3.545997e-03,5.945843e-03
479,-2.555556e+01,2.000000e+01,2.643777e+00,2.628427e+00,2.621076e+00,-1.534998e-02,5.806078e-03,7.351463e-03
480,-2.444444e+01,2.000000e+01,2.631743e+00,2.620829e+00,2.613138e+00,-1.091449e-02,4.147246e-03,7.691048e-03
481,-2.333333e+01,2.000000e+01,2.626581e+00,2.612170e+00,2.600273e+00,-1.441089e-02,5.486560e-03,1.189701e-02
482,-2.222222e+01,2.000000e+01,2.627430e+00,2.612097e+00,2.600864e+00,-1.533377e-02,5.836033e-03,1.123253e-02
483,-2.111111e+01,2.000000e+01,2.633362e+00,2.610580e+00,2.601290e+00,-2.278213e-02,8.651349e-03,9.289697e-03
484,-1.888889e+01,2.000000e+01,2.657212e+00,2.623623e+00,2.615715e+00,-3.358976e-02,1.264098e-02,7.907326e-03
485,-1.777778e+01,2.000000e+01,2.673898e+00,2.644953e+00,2.640619e+00,-2.894567e-02,1.082527e-02,4.333155e-03
486,-1.666667e+01,2.000000e+01,2.693211e+00,2.678992e+00,2.670979e+00,-1.421869e-02,5.279458e-03,8.012713e-03
487,-1.555556e+01,2.000000e+01,2.714919e+00,2.688824e+00,2.685092e+00,-2.609505e-02,9.611724e-03,3.732172e-03
488,-1.444444e+01,2.000000e+01,2.738899e+00,2.697888e+00,2.660137e+00,-4.101102e-02,1.497354e-02,3.775124e-02
489,-1.333333e+01,2.000000e+01,2.765086e+00,2.724793e+00,2.726507e+00,-4.029307e-02,1.457208e-02,1.713959e-03
490,-1.222222e+01,2.000000e+01,2.793423e+00,2.752203e+00,2.766177e+00,-4.121964e-02,1.475596e-02,1.397358e-02
491,-1.111111e+01,2.000000e+01,2.823792e+00,2.755077e+00,2.786510e+00,-6.871493e-02,2.433428e-02,3.143321e-02
492,-8.888889e+00,2.000000e+01,2.889437e+00,2.832973e+00,2.861092e+00,-5.646403e-02,1.954153e-02,2.811863e-02
493,-7.777778e+00,2.000000e+01,2.923605e+00,2.840035e+00,2.840300e+00,-8.356961e-02,2.858444e-02,2.648703e-04
494,-6.666667e+00,2.000000e+01,2.957568e+00,2.934351e+00,2.919289e+00,-2.321620e-02,7.849763e-03,1.506236e-02
495,-5.555556e+00,2.000000e+01,2.990299e+00,2.955759e+00,2.940461e+00,-3.454061e-02,1.155089e-02,1.529757e-02
496,-4.444444e+00,2.000000e+01,3.020728e+00,3.005117e+00,3.001728e+00,-1.561124e-02,5.168039e-03,3.388935e-03
497,-3.333333e+00,2.000000e+01,3.047848e+00,3.047041e+00,3.027567e+00,-8.062481e-04,2.645303e-04,1.947424e-02
498,-2.222222e+00,2.000000e+01,3.070804e+00,3.082501e+00,3.062851e+00,1.169680e-02,3.809035e-03,1.965015e-02
499,-1.111111e+00,2.000000e+01,3.088937e+00,3.093072e+00,3.072837e+00,4.135606e-03,1.338845e-03,2.023526e-02
500,1.111111e+00,2.000000e+01,3.108983e+00,3.127733e+00,3.103744e+00,1.875004e-02,6.030924e-03,2.398911e-02
501,2.222222e+00,2.000000e+01,3.110342e+00,3.123659e+00,3.096532e+00,1.331630e-02,4.281297e-03,2.712632e-02
502,3.333333e+00,2.000000e+01,3.105669e+00,3.131531e+00,3.098108e+00,2.586116e-02,8.327082e-03,3.342262e-02
503,4.444444e+00,2.000000e+01,3.094807e+00,3.108945e+00,3.075049e+00,1.413791e-02,4.568268e-03,3.389611e-02
504,5.555556e+00,2.000000e+01,3.077626e+00,3.100749e+00,3.052383e+00,2.312265e-02,7.513144e-03,4.836585e-02
505,6.666667e+00,2.000000e+01,3.054070e+00,3.080160e+00,3.043072e+00,2.608983e-02,8.542644e-03,3.708808e-02
506,7.777778e+00,2.000000e+01,3.024232e+00,3.039133e+00,3.006410e+00,1.490056e-02,4.927056e-03,3.272255e-02
507,8.888889e+00,2.000000e+01,2.988470e+00,2.990999e+00,2.962308e+00,2.528313e-03,8.460223e-04,2.869100e-02
508,1.111111e+01,2.000000e+01,2.902516e+00,2.932527e+00,2.897717e+00,3.001084e-02,1.033959e-02,3.481017e-02
509,1.222222e+01,2.000000e+01,2.855029e+00,2.906358e+00,2.872801e+00,5.132913e-02,1.797850e-02,3.355637e-02
510,1.333333e+01,2.000000e+01,2.806809e+00,2.779477e+00,2.753212e+00,-2.733217e-02,9.737808e-03,2.626439e-02
511,1.444444e+01,2.000000e+01,2.759563e+00,2.760665e+00,2.721714e+00,1.102193e-03,3.994084e-04,3.895152e-02
512,1.555556e+01,2.000000e+01,2.714673e+00,2.746187e+00,2.721753e+00,3.151432e-02,1.160888e-02,2.443396e-02
513,1.666667e+01,2.000000e+01,2.673027e+00,2.664249e+00,2.641283e+00,-8.778113e-03,3.283960e-03,2.296607e-02
514,1.777778e+01,2.000000e+01,2.634997e+00,2.643400e+00,2.614274e+00,8.402789e-03,3.188918e-03,2.912602e-02
515,1.888889e+01,2.000000e+01,2.600540e+00,2.599502e+00,2.578636e+00,-1.037555e-03,3.989769e-04,2.086599e-02
516,2.111111e+01,2.000000e+01,2.541039e+00,2.544875e+00,2.529433e+00,3.836320e-03,1.509745e-03,1.544170e-02
517,2.222222e+01,2.000000e+01,2.515197e+00,2.515993e+00,2.505174e+00,7.956065e-04,3.163197e-04,1.081942e-02
518,2.333333e+01,2.000000e+01,2.491509e+00,2.489445e+00,2.478219e+00,-2.063438e-03,8.281882e-04,1.122619e-02
519,2.444444e+01,2.000000e+01,2.469749e+00,2.461991e+00,2.453065e+00,-7.757780e-03,3.141121e-03,8.926071e-03
520,2.555556e+01,2.000000e+01,2.449796e+00,2.431139e+00,2.425759e+00,-1.865674e-02,7.615631e-03,5.380706e-03
521,2.666667e+01,2.000000e+01,2.431621e+00,2.441479e+00,2.435646e+00,9.857908e-03,4.054049e-03,5.832263e-03
522,2.777778e+01,2.000000e+01,2.415272e+00,2.423977e+00,2.420306e+00,8.704392e-03,3.603897e-03,3.671082e-03
523,2.888889e+01,2.000000e+01,2.400870e+00,2.408199e+00,2.405441e+00,7.329169e-03,3.052714e-03,2.757817e-03
524,3.000000e+01,2.000000e+01,2.388593e+00,2.388593e+00,2.388593e+00,-1.332268e-15,5.577624e-16,8.881784e-16
