index,APL,WCtime,RNGCalls,Estimated_Variance,PCoeff_old,PCoeff_new,Var_Plain,Var_VR,bias_num,bias_trap
0,0.000000e+00,1.122903e-02,0.000000e+00,0.000000e+00,1.000000e+00,1.000000e+00,0.000000e+00,0.000000e+00,1.390671e-309,1.390670e-309
1,6.875000e+01,7.393375e-01,2.750000e+04,6.071260e-03,-9.779163e-01,-9.509814e-01,6.239276e-03,3.046194e-04,1.031032e-05,1.031032e-05
2,9.049000e+01,1.080027e+00,3.619600e+04,7.332837e-03,-9.898323e-01,-9.742152e-01,1.036658e-02,2.498869e-04,2.127847e-05,2.127847e-05
3,1.230150e+02,1.303822e+00,4.920600e+04,9.926590e-03,-9.881219e-01,-9.611475e-01,1.227427e-02,3.598780e-04,-2.460453e-05,4.190144e-05
4,1.423200e+02,1.592763e+00,5.692800e+04,1.279660e-02,-9.912397e-01,-9.584088e-01,1.394365e-02,2.697755e-04,2.691441e-05,2.691441e-05
5,1.421850e+02,1.610942e+00,5.687400e+04,1.428891e-02,-9.893087e-01,-9.626190e-01,1.596838e-02,3.980117e-04,4.545032e-05,4.545032e-05
6,1.175800e+02,1.339707e+00,4.703200e+04,1.156735e-02,-9.897707e-01,-9.701799e-01,1.806162e-02,4.303917e-04,7.007253e-05,7.007253e-05
7,1.019950e+02,1.246699e+00,4.079800e+04,9.628438e-03,-9.889879e-01,-9.599099e-01,1.168397e-02,2.984242e-04,1.087229e-04,1.087229e-04
8,5.499000e+01,8.023746e-01,2.199600e+04,5.998786e-03,-9.818950e-01,-9.545113e-01,5.968876e-03,1.900997e-04,1.339003e-04,1.339003e-04
9,3.410850e+02,3.237229e+00,1.364340e+05,3.258594e-02,-9.698661e-01,-9.351575e-01,3.811524e-02,2.394348e-03,4.427260e-05,4.427260e-05
10,5.912500e+01,8.801392e-01,2.365000e+04,3.476829e-03,-9.595716e-01,-8.926469e-01,3.512857e-03,3.106363e-04,1.998214e-04,1.998214e-04
11,1.110600e+02,1.313173e+00,4.442400e+04,5.705253e-03,-9.791192e-01,-9.357901e-01,7.713666e-03,3.987820e-04,1.948077e-04,1.948077e-04
12,1.169750e+02,1.406747e+00,4.679000e+04,5.449685e-03,-9.688591e-01,-8.897918e-01,4.938143e-03,4.051166e-04,1.994631e-04,1.994631e-04
13,1.374150e+02,1.602409e+00,5.496600e+04,6.237704e-03,-9.651823e-01,-9.075038e-01,6.401740e-03,5.142890e-04,1.799290e-04,1.799290e-04
14,1.431450e+02,1.588460e+00,5.725800e+04,6.704571e-03,-9.528721e-01,-9.030497e-01,7.751045e-03,9.080031e-04,1.745439e-04,1.745439e-04
15,1.224200e+02,1.366705e+00,4.896800e+04,6.596214e-03,-9.497969e-01,-9.030325e-01,6.262392e-03,8.580702e-04,1.835056e-04,1.835056e-04
16,8.379000e+01,1.143917e+00,3.351600e+04,5.365750e-03,-9.509035e-01,-9.007507e-01,3.632591e-03,7.185273e-04,1.630377e-04,1.630377e-04
17,5.216500e+01,7.469150e-01,2.086600e+04,3.596789e-03,-9.356556e-01,-8.865870e-01,2.798041e-03,5.309617e-04,1.623787e-04,1.623787e-04
18,4.076050e+02,3.761757e+00,1.630420e+05,3.801698e-02,-9.706882e-01,-9.474669e-01,3.783029e-02,2.985554e-03,1.047131e-04,1.047131e-04
19,5.172000e+01,8.706686e-01,2.068800e+04,6.033377e-03,-9.797187e-01,-9.593338e-01,5.120263e-03,3.253541e-04,1.140805e-04,1.140805e-04
20,9.798500e+01,1.332857e+00,3.919400e+04,9.523932e-03,-9.838544e-01,-9.551559e-01,1.263514e-02,5.967316e-04,8.155251e-05,8.155251e-05
21,1.216700e+02,1.420409e+00,4.866800e+04,9.841807e-03,-9.753766e-01,-9.304633e-01,1.023699e-02,8.581921e-04,7.133671e-05,7.133671e-05
22,1.465200e+02,1.536105e+00,5.860800e+04,1.050702e-02,-9.827920e-01,-9.322332e-01,1.137725e-02,6.926521e-04,4.643427e-05,4.643427e-05
23,1.390500e+02,1.555424e+00,5.562000e+04,9.539162e-03,-9.775454e-01,-9.015159e-01,9.890264e-03,6.718964e-04,5.929501e-05,5.929501e-05
24,1.368200e+02,1.466169e+00,5.472800e+04,9.239235e-03,-9.841242e-01,-9.129869e-01,1.050647e-02,6.009227e-04,2.977536e-05,2.977536e-05
25,9.509500e+01,1.165375e+00,3.803800e+04,5.497603e-03,-9.794550e-01,-8.989769e-01,6.628094e-03,4.250588e-04,5.983817e-05,5.983817e-05
26,6.284000e+01,8.333680e-01,2.513600e+04,3.522895e-03,-9.769851e-01,-8.654200e-01,3.947092e-03,2.771070e-04,5.034318e-05,5.034318e-05
27,3.895700e+02,3.383544e+00,1.558280e+05,2.742639e-02,-7.653899e-01,-7.458148e-01,2.156758e-02,1.447413e-02,-1.986184e-06,-1.986184e-06
28,5.114500e+01,7.647978e-01,2.045800e+04,3.949934e-03,-7.113014e-01,-5.617729e-01,3.142948e-03,2.160244e-03,2.944771e-05,2.944771e-05
29,1.033850e+02,1.173992e+00,4.135400e+04,5.973168e-03,-8.878930e-01,-7.694763e-01,5.905927e-03,1.516178e-03,2.607898e-05,2.607898e-05
30,1.263900e+02,1.382789e+00,5.055600e+04,6.817827e-03,-9.315195e-01,-8.259599e-01,7.965318e-03,1.217862e-03,1.780375e-05,1.780375e-05
31,1.463800e+02,1.513277e+00,5.855200e+04,8.026910e-03,-9.323617e-01,-8.558308e-01,8.412918e-03,1.270546e-03,2.195062e-05,2.195062e-05
32,1.331650e+02,1.273813e+00,5.326600e+04,7.344253e-03,-9.691438e-01,-8.995749e-01,8.442991e-03,7.513361e-04,3.371312e-05,3.371312e-05
33,1.244600e+02,1.330059e+00,4.978400e+04,7.165579e-03,-9.688918e-01,-9.118610e-01,7.662545e-03,6.679431e-04,6.231302e-05,6.231302e-05
34,1.022200e+02,1.047018e+00,4.088800e+04,5.668380e-03,-9.795812e-01,-9.395558e-01,7.871419e-03,5.723221e-04,6.459629e-05,6.459629e-05
35,4.844000e+01,7.041776e-01,1.937600e+04,3.124146e-03,-9.534962e-01,-8.742586e-01,3.818723e-03,4.682240e-04,8.959916e-05,8.959916e-05
36,3.716250e+02,2.984781e+00,1.486500e+05,3.782318e-02,-9.605780e-01,-9.503671e-01,3.242540e-02,3.270533e-03,-1.170823e-04,-1.170823e-04
37,6.953000e+01,8.771839e-01,2.781200e+04,9.336246e-03,-9.767939e-01,-9.616725e-01,8.209222e-03,4.534164e-04,2.999901e-05,2.999901e-05
38,9.950000e+01,1.114064e+00,3.980000e+04,1.409905e-02,-9.781429e-01,-9.672940e-01,1.170613e-02,9.462700e-04,-5.206630e-05,-5.206630e-05
39,1.398000e+02,1.459058e+00,5.592000e+04,1.910258e-02,-9.775346e-01,-9.680968e-01,1.335493e-02,1.171316e-03,-6.646696e-05,-6.646696e-05
40,1.391100e+02,1.441222e+00,5.564400e+04,1.725614e-02,-9.830687e-01,-9.749840e-01,1.525448e-02,9.745694e-04,-1.464054e-04,-1.464054e-04
41,1.486000e+02,1.358110e+00,5.944000e+04,1.729325e-02,-9.825944e-01,-9.746994e-01,1.482450e-02,8.890908e-04,-1.875712e-04,-1.875712e-04
42,1.277550e+02,1.343412e+00,5.110200e+04,1.495580e-02,-9.818439e-01,-9.751369e-01,1.131857e-02,8.508487e-04,-2.809898e-04,-2.809898e-04
43,1.022250e+02,1.035036e+00,4.089000e+04,1.165773e-02,-9.801372e-01,-9.724166e-01,9.939327e-03,7.254573e-04,-2.874977e-04,-2.874977e-04
44,5.182000e+01,7.192181e-01,2.072800e+04,5.194779e-03,-9.532421e-01,-9.400295e-01,3.216893e-03,4.966875e-04,-3.360985e-04,-3.360985e-04
45,3.740800e+02,3.003873e+00,1.496320e+05,3.035472e-02,-9.635799e-01,-9.620060e-01,2.859860e-02,2.737340e-03,-7.847865e-05,-7.847865e-05
46,5.428500e+01,7.060780e-01,2.171400e+04,3.551594e-03,-9.551398e-01,-9.548595e-01,2.745840e-03,4.484427e-04,-3.625496e-04,-3.625496e-04
47,9.512000e+01,1.026986e+00,3.804800e+04,5.876789e-03,-9.748976e-01,-9.730007e-01,5.566486e-03,5.175099e-04,-3.032176e-04,-3.032176e-04
48,1.296450e+02,1.294955e+00,5.185800e+04,8.617634e-03,-9.797138e-01,-9.759844e-01,8.050335e-03,5.389239e-04,-2.533465e-04,-2.533465e-04
49,1.486500e+02,1.432826e+00,5.946000e+04,1.049414e-02,-9.791304e-01,-9.753046e-01,8.708177e-03,6.728063e-04,-2.605787e-04,-2.605787e-04
50,1.521600e+02,1.285639e+00,6.086400e+04,1.137847e-02,-9.793129e-01,-9.775405e-01,1.075286e-02,7.478925e-04,-2.637671e-04,-2.637671e-04
51,1.147200e+02,1.052839e+00,4.588800e+04,1.059369e-02,-9.848748e-01,-9.840822e-01,7.954246e-03,4.688954e-04,-2.096373e-04,-2.096373e-04
52,8.902000e+01,7.224342e-01,3.560800e+04,8.437113e-03,-9.862712e-01,-9.858622e-01,6.956683e-03,3.506604e-04,-1.884627e-04,-1.884627e-04
53,6.460500e+01,5.511055e-01,2.584200e+04,6.234383e-03,-9.837902e-01,-9.839471e-01,4.642905e-03,3.010957e-04,-2.038114e-04,-2.038114e-04
54,0.000000e+00,1.132881e-02,0.000000e+00,0.000000e+00,1.000000e+00,1.000000e+00,0.000000e+00,0.000000e+00,-2.331888e-04,-2.331888e-04
55,0.000000e+00,1.255013e-02,0.000000e+00,0.000000e+00,1.000000e+00,1.000000e+00,0.000000e+00,0.000000e+00,-2.331888e-04,-2.331888e-04
56,5.952000e+01,5.575853e-01,2.380800e+04,3.384240e-02,-9.819729e-01,-9.786820e-01,3.521595e-02,1.355167e-03,-4.213802e-04,-4.213802e-04
57,1.000000e+02,9.552273e-01,4.000000e+04,5.445622e-02,-9.902508e-01,-9.825750e-01,5.414570e-02,1.163495e-03,-3.153522e-04,-3.283721e-04
58,1.295100e+02,1.113488e+00,5.180400e+04,6.693498e-02,-9.947068e-01,-9.909903e-01,7.587157e-02,8.511185e-04,-2.633703e-04,-2.633703e-04
59,1.384100e+02,1.336291e+00,5.536400e+04,7.420393e-02,-9.930494e-01,-9.871065e-01,7.909783e-02,1.103663e-03,-1.824399e-04,-1.824399e-04
60,1.641300e+02,1.409862e+00,6.565200e+04,8.460039e-02,-9.952828e-01,-9.897088e-01,7.853320e-02,9.322241e-04,-1.283711e-04,-1.283711e-04
61,1.460850e+02,1.436915e+00,5.843400e+04,7.468592e-02,-9.939712e-01,-9.885699e-01,6.841067e-02,1.069946e-03,-5.510551e-05,-5.510551e-05
62,8.983000e+01,9.056524e-01,3.593200e+04,4.355777e-02,-9.945882e-01,-9.894044e-01,4.406038e-02,6.012061e-04,1.898045e-05,1.898045e-05
63,5.044000e+01,7.051322e-01,2.017600e+04,2.229192e-02,-9.957429e-01,-9.926879e-01,3.695240e-02,4.627541e-04,4.687862e-05,4.687862e-05
64,3.415250e+02,2.780550e+00,1.366100e+05,1.119396e-01,-9.796844e-01,-9.609430e-01,1.267297e-01,5.546599e-03,-3.852757e-05,-3.852757e-05
65,5.692000e+01,7.337475e-01,2.276800e+04,9.798848e-03,-9.888269e-01,-8.790821e-01,1.229944e-02,4.188000e-04,1.469343e-04,1.469343e-04
66,9.999500e+01,1.017678e+00,3.999800e+04,1.374392e-02,-9.882519e-01,-9.405964e-01,1.841729e-02,6.760187e-04,1.546762e-04,1.546762e-04
67,1.172600e+02,1.143666e+00,4.690400e+04,1.345176e-02,-9.895164e-01,-8.414834e-01,1.626616e-02,6.553273e-04,1.615892e-04,1.615892e-04
68,1.458800e+02,1.336385e+00,5.835200e+04,1.603221e-02,-9.751856e-01,-6.880704e-01,1.702699e-02,1.526001e-03,1.599939e-04,1.599939e-04
69,1.445700e+02,1.220251e+00,5.782800e+04,1.361952e-02,-9.746277e-01,-7.128233e-01,1.310649e-02,9.059002e-04,1.417118e-04,1.417118e-04
70,1.234100e+02,1.180085e+00,4.936400e+04,1.129711e-02,-9.495859e-01,-5.780852e-01,9.786336e-03,1.374135e-03,1.319625e-04,1.319625e-04
71,1.079050e+02,9.957897e-01,4.316200e+04,1.000066e-02,-9.472914e-01,-5.962001e-01,8.505256e-03,1.471235e-03,1.233395e-04,1.233395e-04
72,5.499500e+01,7.081517e-01,2.199800e+04,4.714546e-03,-9.092866e-01,-4.458887e-01,4.106754e-03,8.958635e-04,7.365455e-05,7.365455e-05
73,4.149450e+02,2.988198e+00,1.659780e+05,5.740487e-02,-8.316863e-01,-8.293581e-01,3.574635e-02,1.493901e-02,9.401548e-05,9.401548e-05
74,6.025500e+01,7.547091e-01,2.410200e+04,9.553943e-03,-8.556240e-01,-4.049597e-01,6.367965e-03,2.807464e-03,3.587163e-05,3.587163e-05
75,8.032500e+01,8.949212e-01,3.213000e+04,1.262814e-02,-8.460603e-01,-3.829563e-01,8.207842e-03,4.751412e-03,1.131018e-05,1.131018e-05
76,1.345850e+02,1.263078e+00,5.383400e+04,2.575037e-02,-8.372370e-01,-5.884547e-01,1.887963e-02,8.605263e-03,2.430268e-05,2.430268e-05
77,1.460200e+02,1.367054e+00,5.840800e+04,3.091801e-02,-7.778373e-01,-4.858184e-01,1.340965e-02,9.736199e-03,-2.489749e-05,-2.489749e-05
78,1.399100e+02,1.177156e+00,5.596400e+04,2.638606e-02,-7.476789e-01,-6.345457e-01,1.440912e-02,1.371394e-02,-8.208248e-05,-8.208248e-05
79,1.257600e+02,1.206077e+00,5.030400e+04,1.838669e-02,-7.942111e-01,-6.379833e-01,1.383110e-02,8.310514e-03,-6.725979e-05,-6.725979e-05
80,9.414000e+01,9.091600e-01,3.765600e+04,1.176261e-02,-8.026017e-01,-5.245352e-01,8.170665e-03,6.008803e-03,-1.285659e-04,-1.285659e-04
81,5.849500e+01,7.392204e-01,2.339800e+04,6.272162e-03,-8.042019e-01,-5.689947e-01,3.166696e-03,1.690385e-03,-1.200987e-04,-1.200987e-04
82,3.577200e+02,2.616426e+00,1.430880e+05,3.143349e-02,-9.226599e-01,-8.342907e-01,2.278887e-02,6.052238e-03,1.841504e-05,1.841504e-05
83,4.778500e+01,6.558056e-01,1.911400e+04,1.528012e-03,-9.445612e-01,-7.104824e-01,8.613596e-04,2.558213e-04,-1.201638e-04,-1.201638e-04
84,9.472000e+01,9.979666e-01,3.788800e+04,2.529787e-03,-9.486315e-01,-7.684236e-01,1.325222e-03,4.140082e-04,-9.337527e-05,-9.337527e-05
85,1.107600e+02,1.110857e+00,4.430400e+04,2.664999e-03,-9.441464e-01,-7.545641e-01,1.687024e-03,4.273633e-04,-7.888156e-05,-7.888156e-05
86,1.353700e+02,1.265899e+00,5.414800e+04,4.420042e-03,-9.694936e-01,-8.885678e-01,3.259152e-03,5.594302e-04,-8.638574e-05,-8.638574e-05
87,1.373500e+02,1.168140e+00,5.494000e+04,3.870109e-03,-9.493336e-01,-8.623283e-01,2.793868e-03,7.551103e-04,-1.607248e-05,-1.607248e-05
88,1.205650e+02,1.160769e+00,4.822600e+04,4.419596e-03,-9.354505e-01,-8.684794e-01,3.465389e-03,9.240304e-04,2.078653e-05,2.078653e-05
89,1.056600e+02,9.602854e-01,4.226400e+04,3.694185e-03,-9.365811e-01,-8.711489e-01,2.439706e-03,5.385694e-04,5.729438e-05,5.729438e-05
90,5.962500e+01,6.908387e-01,2.385000e+04,2.120975e-03,-9.234828e-01,-8.550314e-01,1.497986e-03,3.803497e-04,8.604181e-05,8.604181e-05
91,3.600500e+02,2.887244e+00,1.440200e+05,3.241436e-02,-9.545693e-01,-9.276360e-01,2.408531e-02,3.877517e-03,-1.017591e-04,-1.017591e-04
92,7.017000e+01,7.459807e-01,2.806800e+04,1.033324e-02,-9.792270e-01,-9.504222e-01,6.626650e-03,9.539665e-04,5.878327e-05,5.878327e-05
93,1.110300e+02,1.116014e+00,4.441200e+04,1.615268e-02,-9.846315e-01,-9.637367e-01,9.044530e-03,1.017699e-03,3.287779e-05,3.287779e-05
94,1.260150e+02,1.085524e+00,5.040600e+04,1.868705e-02,-9.907007e-01,-9.719217e-01,1.103667e-02,8.515045e-04,-1.271176e-05,-1.271176e-05
95,1.357950e+02,1.152601e+00,5.431800e+04,2.090423e-02,-9.899408e-01,-9.692896e-01,1.533873e-02,1.600766e-03,-6.460921e-05,-6.460921e-05
96,1.354600e+02,1.268882e+00,5.418400e+04,2.119393e-02,-9.900135e-01,-9.671562e-01,1.488643e-02,1.262260e-03,-1.045885e-04,-1.045885e-04
97,1.226000e+02,1.187069e+00,4.904000e+04,1.936779e-02,-9.938718e-01,-9.602127e-01,1.460739e-02,1.313428e-03,-1.695510e-04,-1.695510e-04
98,1.053700e+02,9.571885e-01,4.214800e+04,1.716641e-02,-9.909813e-01,-9.452246e-01,1.060703e-02,1.257376e-03,-2.608626e-04,-2.608626e-04
99,6.062000e+01,6.796373e-01,2.424800e+04,1.027789e-02,-9.827650e-01,-9.155101e-01,8.151033e-03,1.348293e-03,-3.109446e-04,-3.109446e-04
100,3.684100e+02,3.322215e+00,1.473640e+05,6.954928e-02,-8.859809e-01,-8.760605e-01,4.686120e-02,1.707604e-02,-2.864192e-06,-2.864192e-06
101,5.998000e+01,7.366308e-01,2.399200e+04,1.105955e-02,-9.731061e-01,-9.423079e-01,9.097464e-03,1.368215e-03,-3.196432e-04,-3.196432e-04
102,9.265500e+01,9.534693e-01,3.706200e+04,1.736486e-02,-9.702626e-01,-9.355456e-01,1.195024e-02,1.915943e-03,-2.889880e-04,-2.889880e-04
103,1.194650e+02,1.078865e+00,4.778600e+04,2.085416e-02,-9.889301e-01,-9.762455e-01,1.725155e-02,1.584407e-03,-1.870078e-04,-1.870078e-04
104,1.532950e+02,1.463889e+00,6.131800e+04,2.405934e-02,-9.869531e-01,-9.712468e-01,1.782465e-02,1.740423e-03,-1.228223e-04,-1.228223e-04
105,1.418050e+02,1.197786e+00,5.672200e+04,2.103051e-02,-9.902021e-01,-9.765525e-01,1.681265e-02,1.461786e-03,-1.342831e-04,-1.342831e-04
106,1.362500e+02,1.266211e+00,5.450000e+04,1.913470e-02,-9.880746e-01,-9.744498e-01,1.393388e-02,1.242368e-03,-7.401073e-05,-7.401073e-05
107,9.793500e+01,8.137238e-01,3.917400e+04,1.247806e-02,-9.891813e-01,-9.778985e-01,1.144012e-02,8.958597e-04,-8.135236e-05,-8.424341e-05
108,5.553500e+01,4.915398e-01,2.221400e+04,6.599357e-03,-9.760956e-01,-9.625879e-01,4.260399e-03,7.649650e-04,-6.849419e-06,-6.849419e-06
109,0.000000e+00,1.287293e-02,0.000000e+00,0.000000e+00,1.000000e+00,1.000000e+00,0.000000e+00,0.000000e+00,-4.972902e-05,-4.972902e-05
110,0.000000e+00,1.251019e-02,0.000000e+00,0.000000e+00,1.000000e+00,1.000000e+00,0.000000e+00,0.000000e+00,-2.655356e-05,-2.655356e-05
111,5.589500e+01,5.135606e-01,2.235800e+04,2.515440e-02,-9.862422e-01,-9.802916e-01,2.053439e-02,5.942323e-04,-4.035145e-04,-4.035145e-04
112,1.040500e+02,9.768376e-01,4.162000e+04,5.484047e-02,-9.905033e-01,-9.885018e-01,5.566199e-02,1.575380e-03,-3.617606e-04,-3.617606e-04
113,1.219350e+02,1.026919e+00,4.877400e+04,6.744524e-02,-9.940915e-01,-9.914853e-01,7.342553e-02,1.500554e-03,-2.982093e-04,-2.982093e-04
114,1.352700e+02,1.292469e+00,5.410800e+04,8.100320e-02,-9.956567e-01,-9.938985e-01,9.053968e-02,1.315100e-03,-2.651924e-04,-2.651924e-04
115,1.440950e+02,1.270583e+00,5.763800e+04,9.357961e-02,-9.958658e-01,-9.933216e-01,9.691998e-02,1.458214e-03,-2.165232e-04,-2.165232e-04
116,1.373650e+02,1.374312e+00,5.494600e+04,9.241288e-02,-9.961474e-01,-9.948742e-01,1.081967e-01,1.820686e-03,-1.728852e-04,-1.728852e-04
117,8.515000e+01,9.002401e-01,3.406000e+04,6.427986e-02,-9.948898e-01,-9.928042e-01,6.064596e-02,1.383121e-03,-7.817380e-05,-7.817380e-05
118,5.747500e+01,7.617102e-01,2.299000e+04,4.139826e-02,-9.956654e-01,-9.932379e-01,5.398718e-02,8.964993e-04,-6.911475e-05,-6.911475e-05
119,3.771750e+02,2.995432e+00,1.508700e+05,2.982392e-01,-9.833435e-01,-9.801471e-01,3.160592e-01,1.303443e-02,3.912488e-05,3.912488e-05
120,4.460500e+01,6.534557e-01,1.784200e+04,3.541136e-02,-9.619281e-01,-9.563216e-01,2.633361e-02,2.079454e-03,6.170195e-05,6.170195e-05
121,1.061750e+02,1.065902e+00,4.247000e+04,7.422265e-02,-9.802984e-01,-9.762088e-01,6.374778e-02,4.929201e-03,1.422084e-04,1.422084e-04
122,1.308850e+02,1.237166e+00,5.235400e+04,8.598038e-02,-9.784444e-01,-9.569752e-01,7.281576e-02,4.935736e-03,2.138405e-04,2.138405e-04
123,1.401100e+02,1.305369e+00,5.604400e+04,7.749011e-02,-9.805835e-01,-9.677804e-01,6.758318e-02,3.423324e-03,1.961630e-04,1.961630e-04
124,1.494750e+02,1.231066e+00,5.979000e+04,7.727981e-02,-9.785451e-01,-9.594443e-01,5.627987e-02,3.833124e-03,2.389026e-04,2.389026e-04
125,1.194800e+02,1.151577e+00,4.779200e+04,5.424151e-02,-9.777615e-01,-9.523824e-01,4.799387e-02,3.159543e-03,3.117498e-04,3.117498e-04
126,9.529500e+01,9.136154e-01,3.811800e+04,3.979647e-02,-9.748083e-01,-9.441035e-01,3.266400e-02,2.942997e-03,3.753319e-04,3.753319e-04
127,6.516000e+01,7.838733e-01,2.606400e+04,2.753925e-02,-9.668908e-01,-9.499499e-01,2.123251e-02,1.872392e-03,3.915549e-04,3.915549e-04
128,3.814550e+02,3.076848e+00,1.525820e+05,1.158514e-01,-9.706254e-01,-9.622141e-01,8.575218e-02,7.004060e-03,7.232939e-05,7.232939e-05
129,6.433500e+01,7.157776e-01,2.573400e+04,2.029971e-02,-9.710171e-01,-9.457554e-01,1.530387e-02,1.304214e-03,4.243370e-04,4.243370e-04
130,9.682500e+01,9.347448e-01,3.873000e+04,3.300059e-02,-9.629636e-01,-9.258458e-01,2.586464e-02,2.746693e-03,3.126842e-04,3.126842e-04
131,1.250050e+02,1.211281e+00,5.000200e+04,4.080594e-02,-9.746651e-01,-9.643306e-01,4.038693e-02,3.201775e-03,2.124422e-04,2.124422e-04
132,1.265600e+02,1.165789e+00,5.062400e+04,4.503985e-02,-9.674466e-01,-9.506391e-01,3.774480e-02,3.897091e-03,1.361407e-04,1.361407e-04
133,1.578850e+02,1.328891e+00,6.315400e+04,6.080737e-02,-9.804687e-01,-9.775005e-01,4.758227e-02,3.261322e-03,1.346434e-04,1.346434e-04
134,1.200250e+02,1.222883e+00,4.801000e+04,4.964859e-02,-9.808739e-01,-9.662048e-01,4.072275e-02,2.515593e-03,-4.046454e-05,-4.046454e-05
135,9.676000e+01,9.211933e-01,3.870400e+04,4.019791e-02,-9.859205e-01,-9.805264e-01,3.501759e-02,1.934426e-03,-9.159849e-05,-9.159849e-05
136,5.520500e+01,7.050212e-01,2.208200e+04,2.289218e-02,-9.894816e-01,-9.622490e-01,2.507716e-02,8.874263e-04,-1.721504e-04,-1.721504e-04
137,3.530400e+02,2.911400e+00,1.412160e+05,1.295064e-01,-9.753747e-01,-9.696823e-01,1.097908e-01,7.578675e-03,1.439082e-04,1.439082e-04
138,5.498500e+01,7.007345e-01,2.199400e+04,2.241379e-02,-9.676880e-01,-9.687258e-01,1.981559e-02,1.661835e-03,-2.159120e-04,-2.159120e-04
139,1.074650e+02,9.963582e-01,4.298600e+04,4.126838e-02,-9.790909e-01,-9.784249e-01,3.514277e-02,1.900410e-03,-8.234032e-05,-8.234032e-05
140,1.305000e+02,1.091521e+00,5.220000e+04,4.603090e-02,-9.839961e-01,-9.819421e-01,4.125903e-02,2.178409e-03,-1.060003e-04,-1.060003e-04
141,1.496600e+02,1.238769e+00,5.986400e+04,5.096377e-02,-9.791458e-01,-9.780672e-01,4.439860e-02,2.677628e-03,-4.304601e-05,-4.304601e-05
142,1.358150e+02,1.293395e+00,5.432600e+04,4.311479e-02,-9.742000e-01,-9.712375e-01,3.489741e-02,2.723777e-03,-3.286599e-05,-3.286599e-05
143,1.209300e+02,1.080600e+00,4.837200e+04,3.702719e-02,-9.793718e-01,-9.769579e-01,3.684447e-02,2.283470e-03,-1.340700e-05,-1.340700e-05
144,9.221500e+01,9.726394e-01,3.688600e+04,2.912162e-02,-9.783733e-01,-9.752390e-01,2.260761e-02,1.695618e-03,-6.980838e-06,-6.980838e-06
145,5.857000e+01,7.299531e-01,2.342800e+04,1.681455e-02,-9.832999e-01,-9.823959e-01,1.934616e-02,1.100234e-03,-3.503176e-05,-3.503176e-05
146,3.841700e+02,2.813918e+00,1.536680e+05,8.814562e-02,-9.702959e-01,-9.677204e-01,6.827015e-02,6.045004e-03,9.584802e-05,9.584802e-05
147,6.002500e+01,7.555775e-01,2.401000e+04,1.071932e-02,-9.884831e-01,-9.852468e-01,7.521756e-03,4.450720e-04,2.108447e-05,2.108447e-05
148,1.063750e+02,1.076194e+00,4.255000e+04,1.796603e-02,-9.862180e-01,-9.793188e-01,1.181965e-02,7.527006e-04,6.938825e-05,6.938825e-05
149,1.259950e+02,1.209652e+00,5.039800e+04,2.066779e-02,-9.878255e-01,-9.835828e-01,1.310720e-02,8.329800e-04,6.990708e-05,6.990708e-05
150,1.450250e+02,1.356207e+00,5.801000e+04,2.310193e-02,-9.871599e-01,-9.803572e-01,1.597935e-02,1.120853e-03,8.424457e-05,8.424457e-05
151,1.386850e+02,1.151036e+00,5.547400e+04,2.131700e-02,-9.872728e-01,-9.801441e-01,1.493817e-02,1.178390e-03,8.525643e-05,8.525643e-05
152,1.292450e+02,1.230856e+00,5.169800e+04,1.948725e-02,-9.833458e-01,-9.748096e-01,1.529571e-02,1.513290e-03,1.210116e-04,1.210116e-04
153,9.076500e+01,8.996918e-01,3.630600e+04,1.339543e-02,-9.756929e-01,-9.625289e-01,8.207657e-03,1.294469e-03,1.431571e-04,1.431571e-04
154,5.118500e+01,6.990748e-01,2.047400e+04,6.791968e-03,-9.832726e-01,-9.772123e-01,4.685563e-03,5.515675e-04,1.755227e-04,1.755227e-04
155,3.703600e+02,3.037018e+00,1.481440e+05,4.528915e-02,-9.626141e-01,-9.432254e-01,2.340162e-02,4.447520e-03,-1.869597e-05,-1.869597e-05
156,5.148000e+01,7.293394e-01,2.059200e+04,2.946110e-03,-9.779825e-01,-9.731567e-01,1.959991e-03,2.086809e-04,1.838930e-04,1.838930e-04
157,1.030300e+02,1.138200e+00,4.121200e+04,7.276928e-03,-9.802505e-01,-9.741465e-01,4.533579e-03,4.718942e-04,1.435425e-04,1.435425e-04
158,1.225000e+02,1.234927e+00,4.900000e+04,8.407583e-03,-9.856205e-01,-9.784432e-01,6.470975e-03,4.268630e-04,8.660182e-05,8.660182e-05
159,1.350250e+02,1.313541e+00,5.401000e+04,9.236895e-03,-9.764389e-01,-9.739088e-01,6.057653e-03,6.350591e-04,4.976080e-05,4.718109e-05
160,1.278400e+02,1.093426e+00,5.113600e+04,8.792705e-03,-9.797672e-01,-9.740991e-01,7.004973e-03,7.905077e-04,2.381747e-05,2.381747e-05
161,1.291100e+02,1.202313e+00,5.164400e+04,8.738433e-03,-9.860434e-01,-9.810005e-01,6.619421e-03,6.253314e-04,1.781257e-05,1.781257e-05
162,9.477500e+01,7.802050e-01,3.791000e+04,6.330180e-03,-9.758126e-01,-9.589660e-01,3.619503e-03,5.020688e-04,-4.047563e-05,-4.047563e-05
163,5.932500e+01,5.140917e-01,2.373000e+04,3.432905e-03,-9.902121e-01,-9.878046e-01,2.730372e-03,1.406707e-04,-7.480276e-05,-7.480276e-05
164,0.000000e+00,1.263632e-02,0.000000e+00,0.000000e+00,1.000000e+00,1.000000e+00,0.000000e+00,0.000000e+00,-4.046008e-05,-4.046008e-05
165,0.000000e+00,1.252749e-02,0.000000e+00,0.000000e+00,1.000000e+00,1.000000e+00,0.000000e+00,0.000000e+00,-4.046008e-05,-4.046008e-05
166,6.166500e+01,5.876008e-01,2.466600e+04,5.393627e-02,-9.805279e-01,-9.808718e-01,4.823616e-02,2.322381e-03,-3.938316e-04,-3.938316e-04
167,1.057100e+02,1.000065e+00,4.228400e+04,9.627311e-02,-9.745608e-01,-9.744749e-01,7.144348e-02,5.574452e-03,-3.657882e-04,-3.657882e-04
168,1.130000e+02,1.000963e+00,4.520000e+04,1.133971e-01,-9.844298e-01,-9.843105e-01,1.052144e-01,4.819443e-03,-2.682528e-04,-2.682528e-04
169,1.426500e+02,1.209173e+00,5.706000e+04,1.535355e-01,-9.864862e-01,-9.864405e-01,1.300506e-01,4.232957e-03,-8.713422e-05,-8.713422e-05
170,1.290800e+02,1.279189e+00,5.163200e+04,1.574467e-01,-9.871343e-01,-9.870878e-01,1.409541e-01,5.264112e-03,-2.032291e-05,-2.032291e-05
171,1.257300e+02,1.272573e+00,5.029200e+04,1.564122e-01,-9.893580e-01,-9.895579e-01,1.229014e-01,4.429664e-03,1.099237e-04,1.099237e-04
172,9.773000e+01,9.805541e-01,3.909200e+04,1.278499e-01,-9.888917e-01,-9.888607e-01,1.123964e-01,3.642212e-03,1.346955e-04,1.346955e-04
173,5.459000e+01,7.518973e-01,2.183600e+04,7.652365e-02,-9.783492e-01,-9.789260e-01,5.150248e-02,3.198402e-03,3.416110e-04,3.416110e-04
174,4.002050e+02,3.199524e+00,1.600820e+05,4.278214e-01,-9.390207e-01,-9.392436e-01,3.169634e-01,4.832021e-02,-1.311959e-05,-1.311959e-05
175,5.448000e+01,7.087613e-01,2.179200e+04,3.027007e-02,-9.065991e-01,-9.071146e-01,3.394858e-02,6.361110e-03,4.580662e-04,4.580662e-04
176,9.332000e+01,9.783600e-01,3.732800e+04,4.674411e-02,-9.458857e-01,-9.461112e-01,5.078588e-02,5.816622e-03,4.537702e-04,4.537702e-04
177,1.284000e+02,1.227094e+00,5.136000e+04,5.439626e-02,-9.676959e-01,-9.668584e-01,5.888922e-02,4.185782e-03,4.100124e-04,4.100124e-04
178,1.513250e+02,1.382921e+00,6.053000e+04,5.440537e-02,-9.719752e-01,-9.725327e-01,6.497168e-02,4.987183e-03,4.281577e-04,4.281577e-04
179,1.559650e+02,1.289055e+00,6.238600e+04,5.036673e-02,-9.753215e-01,-9.748032e-01,6.008632e-02,4.058840e-03,4.206454e-04,4.206454e-04
180,1.332050e+02,1.245399e+00,5.328200e+04,3.996232e-02,-9.700736e-01,-9.695313e-01,4.619174e-02,3.153649e-03,3.764997e-04,3.764997e-04
181,9.848000e+01,9.484145e-01,3.939200e+04,2.791350e-02,-9.699027e-01,-9.683935e-01,3.052537e-02,2.115913e-03,3.760231e-04,3.760231e-04
182,5.212000e+01,6.894144e-01,2.084800e+04,1.304804e-02,-9.564312e-01,-9.540624e-01,1.777161e-02,1.664482e-03,3.819199e-04,3.819199e-04
183,3.806850e+02,3.101272e+00,1.522740e+05,6.091486e-02,-8.951790e-01,-8.877343e-01,5.098852e-02,1.059110e-02,3.257502e-04,3.257502e-04
184,5.866500e+01,6.801879e-01,2.346600e+04,3.019422e-03,-8.011923e-01,-8.076167e-01,2.561983e-03,1.237576e-03,3.220354e-04,3.220354e-04
185,1.004500e+02,9.407943e-01,4.018000e+04,4.827732e-03,-8.352418e-01,-8.309035e-01,2.681983e-03,1.944883e-03,3.418784e-04,3.418784e-04
186,1.331000e+02,1.254509e+00,5.324000e+04,6.537300e-03,-8.082225e-01,-8.054720e-01,3.819810e-03,2.268290e-03,3.297360e-04,3.297360e-04
187,1.400200e+02,1.174448e+00,5.600800e+04,7.202709e-03,-7.463172e-01,-7.467593e-01,2.501499e-03,3.468789e-03,2.904729e-04,2.904729e-04
188,1.529850e+02,1.400152e+00,6.119400e+04,9.262540e-03,-7.171707e-01,-7.176487e-01,5.586253e-03,5.575239e-03,2.841923e-04,2.841923e-04
189,1.258600e+02,1.092076e+00,5.034400e+04,7.033176e-03,-8.034669e-01,-7.960916e-01,4.601903e-03,3.210973e-03,2.751255e-04,2.751255e-04
190,1.122000e+02,9.885422e-01,4.488000e+04,5.995284e-03,-7.900441e-01,-7.939157e-01,3.395172e-03,2.319020e-03,2.937151e-04,2.937151e-04
191,6.631500e+01,7.892188e-01,2.652600e+04,3.029890e-03,-8.234917e-01,-8.164389e-01,1.981558e-03,1.264202e-03,2.287734e-04,2.287734e-04
192,3.569650e+02,2.874045e+00,1.427860e+05,4.049567e-02,-8.791677e-01,-8.738655e-01,2.582364e-02,8.312691e-03,3.533641e-04,3.533641e-04
193,5.890500e+01,6.860817e-01,2.356200e+04,8.268474e-03,-8.595674e-01,-8.496022e-01,4.340641e-03,1.458650e-03,2.280194e-04,2.280194e-04
194,1.109200e+02,1.049526e+00,4.436800e+04,1.602372e-02,-9.497296e-01,-9.445309e-01,1.605571e-02,1.859224e-03,2.131831e-04,2.131831e-04
195,1.394500e+02,1.331201e+00,5.578000e+04,1.956292e-02,-9.457942e-01,-9.430435e-01,1.628330e-02,2.180445e-03,2.903627e-04,2.903627e-04
196,1.344800e+02,1.141792e+00,5.379200e+04,2.005659e-02,-9.712993e-01,-9.658891e-01,1.612443e-02,1.234764e-03,2.750898e-04,2.750898e-04
197,1.373500e+02,1.172752e+00,5.494000e+04,2.174718e-02,-9.792265e-01,-9.731312e-01,1.935425e-02,9.000400e-04,2.829582e-04,2.829582e-04
198,1.256850e+02,1.198406e+00,5.027400e+04,2.080985e-02,-9.819840e-01,-9.808415e-01,2.207314e-02,9.206432e-04,3.415134e-04,3.415134e-04
199,9.464000e+01,9.064868e-01,3.785600e+04,1.775791e-02,-9.827220e-01,-9.796134e-01,1.600281e-02,8.051636e-04,3.458663e-04,3.458663e-04
200,5.981500e+01,7.359388e-01,2.392600e+04,1.265419e-02,-9.716206e-01,-9.659872e-01,9.898312e-03,7.297077e-04,3.831189e-04,3.831189e-04
201,3.680600e+02,2.988316e+00,1.472240e+05,1.488072e-01,-9.703864e-01,-9.708698e-01,1.197212e-01,8.639131e-03,8.588956e-05,8.588956e-05
202,5.857000e+01,6.887987e-01,2.342800e+04,2.772640e-02,-9.774020e-01,-9.750765e-01,1.547961e-02,8.219521e-04,3.468973e-04,3.468973e-04
203,9.493000e+01,8.905951e-01,3.797200e+04,5.022920e-02,-9.934362e-01,-9.925758e-01,5.294549e-02,1.325926e-03,2.680947e-04,2.680947e-04
204,1.350350e+02,1.128181e+00,5.401400e+04,7.369861e-02,-9.942599e-01,-9.937570e-01,5.826071e-02,1.216168e-03,2.225677e-04,2.225677e-04
205,1.504800e+02,1.368721e+00,6.019200e+04,8.563515e-02,-9.948435e-01,-9.941626e-01,6.676141e-02,1.305971e-03,1.866542e-04,1.866542e-04
206,1.349650e+02,1.160363e+00,5.398600e+04,7.386352e-02,-9.963796e-01,-9.957734e-01,6.858805e-02,1.104446e-03,1.161351e-04,1.161351e-04
207,1.315350e+02,1.245791e+00,5.261400e+04,7.284250e-02,-9.960814e-01,-9.953095e-01,6.071092e-02,1.014831e-03,7.025230e-05,7.025230e-05
208,9.287000e+01,8.853247e-01,3.714800e+04,4.872819e-02,-9.967102e-01,-9.954697e-01,4.271741e-02,8.115381e-04,4.983177e-05,4.983177e-05
209,6.468000e+01,7.925267e-01,2.587200e+04,3.738099e-02,-9.956182e-01,-9.952483e-01,3.081035e-02,6.044402e-04,3.953481e-05,3.953481e-05
210,3.773250e+02,3.135832e+00,1.509300e+05,1.858903e-01,-9.680220e-01,-9.674320e-01,1.571924e-01,1.248187e-02,6.127735e-06,6.127735e-06
211,5.503000e+01,7.583393e-01,2.201200e+04,2.295972e-02,-9.772168e-01,-9.764388e-01,1.997051e-02,1.076297e-03,-5.146621e-05,-5.146621e-05
212,9.580500e+01,1.048411e+00,3.832200e+04,3.985977e-02,-9.839621e-01,-9.809553e-01,3.789745e-02,1.640462e-03,-3.762392e-05,-3.762392e-05
213,1.217150e+02,1.237073e+00,4.868600e+04,4.826939e-02,-9.769656e-01,-9.736041e-01,4.130060e-02,2.365019e-03,-9.618284e-06,-9.618284e-06
214,1.493050e+02,1.446755e+00,5.972200e+04,6.009820e-02,-9.792528e-01,-9.771912e-01,6.071448e-02,3.093537e-03,-7.563349e-05,-7.563349e-05
215,1.439300e+02,1.230771e+00,5.757200e+04,6.189542e-02,-9.701977e-01,-9.683838e-01,5.481949e-02,3.613049e-03,-5.999665e-05,-5.999665e-05
216,1.323250e+02,1.223068e+00,5.293000e+04,5.351637e-02,-9.672239e-01,-9.669522e-01,5.230051e-02,3.861060e-03,-1.054647e-04,-1.054647e-04
217,9.844000e+01,8.149433e-01,3.937600e+04,3.770146e-02,-9.707949e-01,-9.719015e-01,4.071752e-02,2.625029e-03,-6.687405e-05,-6.687405e-05
218,5.612000e+01,5.207964e-01,2.244800e+04,2.200035e-02,-9.723719e-01,-9.733836e-01,2.806610e-02,1.718846e-03,8.727086e-06,8.727086e-06
219,0.000000e+00,1.171896e-02,0.000000e+00,0.000000e+00,1.000000e+00,1.000000e+00,0.000000e+00,0.000000e+00,-2.328690e-05,-2.328690e-05
220,0.000000e+00,1.020052e-02,0.000000e+00,0.000000e+00,1.000000e+00,1.000000e+00,0.000000e+00,0.000000e+00,-2.328690e-05,-2.328690e-05
221,6.278500e+01,5.483295e-01,2.511400e+04,2.484835e-02,-9.715713e-01,-9.725189e-01,1.796877e-02,1.123670e-03,-3.587035e-04,-3.587035e-04
222,9.033500e+01,8.690105e-01,3.613400e+04,3.952577e-02,-9.884575e-01,-9.880316e-01,3.537515e-02,1.393990e-03,-2.781966e-04,-2.781966e-04
223,1.397400e+02,1.169234e+00,5.589600e+04,6.968494e-02,-9.880344e-01,-9.881492e-01,5.143502e-02,1.778857e-03,-1.818489e-04,-1.818489e-04
224,1.342550e+02,1.278338e+00,5.370200e+04,7.000684e-02,-9.928136e-01,-9.929263e-01,5.727703e-02,1.614129e-03,-1.155151e-04,-1.155151e-04
225,1.498300e+02,1.285996e+00,5.993200e+04,8.798674e-02,-9.928120e-01,-9.925059e-01,6.730473e-02,2.040172e-03,-1.000720e-04,-1.000720e-04
226,1.187700e+02,1.226433e+00,4.750800e+04,7.567759e-02,-9.910352e-01,-9.909857e-01,6.283966e-02,1.966111e-03,2.007939e-05,2.007939e-05
227,9.179500e+01,1.034248e+00,3.671800e+04,5.826496e-02,-9.894283e-01,-9.891533e-01,5.206544e-02,1.474763e-03,8.767114e-05,8.767114e-05
228,5.669500e+01,7.097849e-01,2.267800e+04,3.760786e-02,-9.907161e-01,-9.901119e-01,2.937043e-02,8.941875e-04,2.188753e-04,2.188753e-04
229,3.713550e+02,3.293961e+00,1.485420e+05,2.327607e-01,-9.766372e-01,-9.757951e-01,1.794455e-01,1.048959e-02,-2.061466e-06,-2.061466e-06
230,5.560500e+01,7.357797e-01,2.224200e+04,2.941031e-02,-9.647812e-01,-9.648787e-01,2.314911e-02,1.609596e-03,2.891268e-04,2.891268e-04
231,9.704000e+01,1.025138e+00,3.881600e+04,4.770858e-02,-9.800374e-01,-9.795593e-01,4.121299e-02,2.121534e-03,2.676629e-04,2.676629e-04
232,1.322950e+02,1.431588e+00,5.291800e+04,5.661872e-02,-9.878651e-01,-9.873206e-01,6.195063e-02,1.987947e-03,3.203966e-04,3.203966e-04
233,1.429400e+02,1.322523e+00,5.717600e+04,6.270888e-02,-9.898013e-01,-9.890673e-01,5.896926e-02,1.569186e-03,2.835247e-04,2.835247e-04
234,1.321850e+02,1.273445e+00,5.287400e+04,5.389292e-02,-9.935577e-01,-9.927469e-01,6.063793e-02,1.278954e-03,3.037148e-04,3.037148e-04
235,1.248050e+02,1.347815e+00,4.992200e+04,4.896577e-02,-9.943721e-01,-9.931081e-01,5.357257e-02,8.924760e-04,3.083474e-04,3.083474e-04
236,1.004250e+02,1.044044e+00,4.017000e+04,3.742989e-02,-9.954314e-01,-9.945053e-01,4.584782e-02,5.671563e-04,2.366533e-04,2.366533e-04
237,6.305500e+01,8.328543e-01,2.522200e+04,2.267403e-02,-9.923432e-01,-9.914237e-01,2.261418e-02,5.166851e-04,2.832913e-04,2.832913e-04
238,3.999850e+02,3.157140e+00,1.599940e+05,1.185627e-01,-9.878490e-01,-9.873803e-01,1.015196e-01,3.035389e-03,3.225941e-04,3.225941e-04
239,6.524500e+01,8.460312e-01,2.609800e+04,1.080299e-02,-9.793949e-01,-9.802632e-01,8.357961e-03,6.564676e-04,2.897750e-04,2.897750e-04
240,1.027650e+02,1.138606e+00,4.110600e+04,1.672528e-02,-9.803522e-01,-9.793036e-01,1.519317e-02,9.044331e-04,3.016752e-04,3.016752e-04
241,1.217450e+02,1.292290e+00,4.869800e+04,1.932464e-02,-9.814883e-01,-9.808309e-01,1.656031e-02,1.024313e-03,3.283167e-04,3.283167e-04
242,1.435950e+02,1.481735e+00,5.743800e+04,2.097412e-02,-9.794693e-01,-9.751577e-01,1.555280e-02,9.785526e-04,3.310766e-04,3.310766e-04
243,1.366850e+02,1.426763e+00,5.467400e+04,2.000904e-02,-9.800765e-01,-9.782703e-01,1.693388e-02,1.012823e-03,3.347404e-04,3.347404e-04
244,1.301400e+02,1.229275e+00,5.205600e+04,1.955069e-02,-9.800282e-01,-9.744273e-01,1.300440e-02,6.619438e-04,3.485831e-04,3.485831e-04
245,9.843000e+01,1.128828e+00,3.937200e+04,1.371249e-02,-9.787892e-01,-9.733461e-01,1.147792e-02,7.741135e-04,3.100236e-04,3.100236e-04
246,5.658500e+01,7.378610e-01,2.263400e+04,7.934020e-03,-9.726510e-01,-9.696000e-01,7.860589e-03,6.272849e-04,3.751356e-04,3.751356e-04
247,3.813100e+02,3.107313e+00,1.525240e+05,8.737822e-02,-9.629857e-01,-9.622492e-01,8.268324e-02,7.028908e-03,2.404985e-04,2.404985e-04
248,5.650000e+01,7.904339e-01,2.260000e+04,1.841591e-02,-9.737531e-01,-9.716266e-01,1.666315e-02,1.242749e-03,3.497141e-04,3.497141e-04
249,9.704500e+01,1.119537e+00,3.881800e+04,3.864290e-02,-9.555008e-01,-9.560276e-01,2.526540e-02,2.818238e-03,3.279330e-04,3.279330e-04
250,1.234550e+02,1.329715e+00,4.938200e+04,5.402856e-02,-9.545796e-01,-9.540987e-01,4.759728e-02,4.924587e-03,2.849568e-04,2.849568e-04
251,1.310950e+02,1.372460e+00,5.243800e+04,5.811614e-02,-9.712581e-01,-9.702312e-01,5.883472e-02,3.743340e-03,2.558106e-04,2.558106e-04
252,1.383100e+02,1.300104e+00,5.532400e+04,7.018556e-02,-9.758530e-01,-9.743765e-01,7.414935e-02,4.305216e-03,2.357451e-04,2.357451e-04
253,1.286150e+02,1.334604e+00,5.144600e+04,6.949132e-02,-9.793031e-01,-9.767693e-01,6.151037e-02,2.881044e-03,2.783834e-04,2.783834e-04
254,1.005050e+02,1.009265e+00,4.020200e+04,6.427341e-02,-9.888242e-01,-9.850668e-01,5.917133e-02,1.663020e-03,2.222058e-04,2.222058e-04
255,5.483000e+01,7.819659e-01,2.193200e+04,3.899753e-02,-9.890681e-01,-9.853841e-01,3.466999e-02,1.082871e-03,2.608351e-04,2.608351e-04
256,3.924750e+02,3.433289e+00,1.569900e+05,3.709479e-01,-9.708249e-01,-9.703812e-01,2.820100e-01,2.037625e-02,8.457755e-05,8.457755e-05
257,5.307500e+01,7.162061e-01,2.123000e+04,6.613760e-02,-9.789614e-01,-9.779632e-01,5.267350e-02,3.337203e-03,1.361964e-04,1.361964e-04
258,1.113750e+02,1.091539e+00,4.455000e+04,1.228585e-01,-9.787238e-01,-9.780163e-01,9.951948e-02,7.576646e-03,5.047939e-05,5.047939e-05
259,1.283400e+02,1.206215e+00,5.133600e+04,1.304727e-01,-9.852113e-01,-9.841574e-01,1.146213e-01,4.999275e-03,2.979046e-07,2.979046e-07
260,1.510350e+02,1.565754e+00,6.041400e+04,1.366292e-01,-9.867499e-01,-9.865386e-01,1.168476e-01,4.239898e-03,-3.666403e-05,-3.666403e-05
261,1.537800e+02,1.402788e+00,6.151200e+04,1.393064e-01,-9.822611e-01,-9.819554e-01,9.802529e-02,4.792556e-03,-6.328006e-05,-6.328006e-05
262,1.287700e+02,1.355008e+00,5.150800e+04,1.083666e-01,-9.819607e-01,-9.816937e-01,7.756558e-02,4.004815e-03,-1.316804e-04,-1.316804e-04
263,8.846000e+01,9.247526e-01,3.538400e+04,6.664118e-02,-9.832712e-01,-9.819122e-01,6.633850e-02,2.560299e-03,-1.720913e-04,-1.720913e-04
264,6.469500e+01,8.416501e-01,2.587800e+04,5.217593e-02,-9.830281e-01,-9.816712e-01,4.671565e-02,2.027936e-03,-2.154588e-04,-2.154588e-04
265,3.733800e+02,2.958616e+00,1.493520e+05,1.753632e-01,-9.789823e-01,-9.784815e-01,1.403489e-01,6.386023e-03,-1.987071e-04,-1.987071e-04
266,6.434000e+01,8.264160e-01,2.573600e+04,1.252672e-02,-9.947366e-01,-9.928874e-01,1.184675e-02,1.681203e-04,-2.841280e-04,-2.841280e-04
267,9.200500e+01,1.040818e+00,3.680200e+04,1.897630e-02,-9.940185e-01,-9.926647e-01,1.776180e-02,2.365348e-04,-3.111051e-04,-3.111051e-04
268,1.307700e+02,1.303665e+00,5.230800e+04,2.407298e-02,-9.944413e-01,-9.931685e-01,2.136480e-02,2.528514e-04,-3.273480e-04,-3.273480e-04
269,1.440300e+02,1.266934e+00,5.761200e+04,2.308582e-02,-9.947342e-01,-9.930988e-01,2.269516e-02,2.533800e-04,-3.570811e-04,-3.570811e-04
270,1.457800e+02,1.372326e+00,5.831200e+04,2.165596e-02,-9.939099e-01,-9.917958e-01,1.783199e-02,2.349332e-04,-4.060690e-04,-4.060690e-04
271,1.109900e+02,9.128591e-01,4.439600e+04,1.358230e-02,-4.580652e-01,-4.354547e-01,1.616118e-02,2.680904e-04,1.281440e-02,-5.278027e-04
272,1.071600e+02,1.003731e+00,4.286400e+04,1.376908e-02,-9.928102e-01,-9.869316e-01,1.148914e-02,1.705001e-04,-4.391841e-04,-4.391841e-04
273,6.043000e+01,5.038721e-01,2.417200e+04,8.053470e-03,-9.928678e-01,-9.884099e-01,8.710070e-03,1.605094e-04,-4.994074e-04,-4.994074e-04
274,0.000000e+00,1.141048e-02,0.000000e+00,0.000000e+00,1.000000e+00,1.000000e+00,0.000000e+00,0.000000e+00,-4.083574e-04,-4.083574e-04
275,0.000000e+00,1.113877e-02,0.000000e+00,0.000000e+00,1.000000e+00,1.000000e+00,0.000000e+00,0.000000e+00,-4.083574e-04,-4.083574e-04
276,7.489500e+01,6.898638e-01,2.995800e+04,4.374400e-03,-9.880849e-01,-9.636626e-01,5.485326e-03,1.531242e-04,-9.053678e-06,-9.053678e-06
277,8.782500e+01,7.379430e-01,3.513000e+04,5.167605e-03,-9.787879e-01,-9.645203e-01,5.973241e-03,3.118617e-04,-3.109548e-05,-3.109548e-05
278,1.279400e+02,1.177637e+00,5.117600e+04,7.557634e-03,-9.856473e-01,-9.695565e-01,1.088526e-02,3.938946e-04,4.032458e-05,4.032458e-05
279,1.448900e+02,1.360529e+00,5.795600e+04,9.050421e-03,-9.780572e-01,-9.498247e-01,1.116006e-02,4.823879e-04,6.574719e-05,6.574719e-05
280,1.455100e+02,1.225315e+00,5.820400e+04,9.311497e-03,-9.762124e-01,-9.572467e-01,1.136522e-02,6.438250e-04,8.682610e-05,8.682610e-05
281,1.233250e+02,1.114901e+00,4.933000e+04,8.489927e-03,-9.794334e-01,-9.613121e-01,9.917435e-03,4.626110e-04,1.462382e-04,1.462382e-04
282,9.711500e+01,1.048849e+00,3.884600e+04,7.179619e-03,-9.567100e-01,-9.391462e-01,6.961597e-03,6.132006e-04,1.443555e-04,1.443555e-04
283,5.581000e+01,6.586621e-01,2.232400e+04,4.429639e-03,-9.271775e-01,-9.094992e-01,4.496091e-03,6.603662e-04,1.296291e-04,1.296291e-04
284,5.463000e+01,7.443683e-01,2.185200e+04,6.936856e-03,-9.859207e-01,-9.506438e-01,7.777509e-03,2.248844e-04,1.574443e-04,1.574443e-04
285,1.021400e+02,1.044717e+00,4.085600e+04,1.304479e-02,-9.893669e-01,-9.626496e-01,1.234433e-02,3.746224e-04,1.543935e-04,1.543935e-04
286,1.213400e+02,1.283888e+00,4.853600e+04,1.740837e-02,-9.900791e-01,-9.549819e-01,1.826836e-02,4.955050e-04,1.354266e-04,1.354266e-04
287,1.428550e+02,1.306978e+00,5.714200e+04,1.962159e-02,-9.900497e-01,-9.628746e-01,2.086393e-02,5.749826e-04,1.684250e-04,1.684250e-04
288,1.431800e+02,1.460321e+00,5.727200e+04,2.265543e-02,-9.897238e-01,-9.595774e-01,2.444014e-02,6.316536e-04,1.414293e-04,1.414293e-04
289,1.311700e+02,1.396113e+00,5.246800e+04,2.263779e-02,-9.877422e-01,-9.626190e-01,2.789132e-02,7.792568e-04,1.320987e-04,1.320987e-04
290,9.822500e+01,1.097893e+00,3.929000e+04,1.873440e-02,-9.807652e-01,-9.651721e-01,1.975299e-02,8.200227e-04,1.379861e-04,1.379861e-04
291,5.699000e+01,7.381795e-01,2.279600e+04,1.237007e-02,-9.773469e-01,-9.589286e-01,1.277903e-02,6.183163e-04,1.293148e-04,1.293148e-04
292,4.750000e+01,6.784219e-01,1.900000e+04,2.091790e-02,-9.708211e-01,-9.608107e-01,2.309572e-02,1.325027e-03,9.565842e-05,9.565842e-05
293,9.752000e+01,9.977557e-01,3.900800e+04,5.065240e-02,-9.814859e-01,-9.742569e-01,5.272325e-02,2.274447e-03,1.428712e-05,1.428712e-05
294,1.355050e+02,1.379687e+00,5.420200e+04,7.074101e-02,-9.860126e-01,-9.747700e-01,7.305106e-02,2.203740e-03,2.693693e-05,2.693693e-05
295,1.488500e+02,1.334768e+00,5.954000e+04,8.314266e-02,-9.826035e-01,-9.580250e-01,6.052204e-02,2.529474e-03,3.338500e-05,3.338500e-05
296,1.506650e+02,1.514331e+00,6.026600e+04,8.554556e-02,-9.818754e-01,-9.671805e-01,9.067807e-02,3.836722e-03,-4.645009e-05,-4.645009e-05
297,1.485350e+02,1.496041e+00,5.941400e+04,8.525172e-02,-9.776190e-01,-9.503415e-01,7.858375e-02,3.682401e-03,3.020236e-05,3.020236e-05
298,8.657000e+01,7.939410e-01,3.462800e+04,5.381256e-02,-9.865791e-01,-9.778534e-01,5.556026e-02,1.689336e-03,-1.503492e-05,-1.503492e-05
299,5.662000e+01,7.600664e-01,2.264800e+04,3.689290e-02,-9.810948e-01,-9.792574e-01,3.074709e-02,1.217923e-03,-5.410657e-06,-5.410657e-06
300,6.064000e+01,7.804336e-01,2.425600e+04,6.995803e-02,-9.789519e-01,-9.784684e-01,5.182105e-02,3.178581e-03,1.262652e-05,1.262652e-05
301,9.013500e+01,9.427074e-01,3.605400e+04,1.013372e-01,-9.878180e-01,-9.874882e-01,9.285628e-02,3.352221e-03,5.961787e-05,4.788963e-05
302,1.149100e+02,1.211429e+00,4.596400e+04,1.345911e-01,-9.759152e-01,-9.763260e-01,1.147975e-01,8.681116e-03,4.632801e-05,4.632801e-05
303,1.421550e+02,1.306592e+00,5.686200e+04,1.607095e-01,-9.875597e-01,-9.865668e-01,1.504349e-01,5.354954e-03,2.594196e-04,1.857242e-04
304,1.409050e+02,1.457503e+00,5.636200e+04,1.624699e-01,-9.789585e-01,-9.779278e-01,1.641984e-01,9.029329e-03,1.451218e-04,1.451218e-04
305,1.231650e+02,1.287994e+00,4.926600e+04,1.498186e-01,-9.696718e-01,-9.709927e-01,1.324742e-01,1.268471e-02,1.788873e-04,1.788873e-04
306,8.846500e+01,9.293081e-01,3.538600e+04,1.114769e-01,-9.683941e-01,-9.678180e-01,8.960171e-02,7.519690e-03,2.756008e-04,2.756008e-04
307,4.855500e+01,6.852418e-01,1.942200e+04,6.550897e-02,-9.244323e-01,-9.237229e-01,4.664150e-02,8.192000e-03,3.620791e-04,3.620791e-04
308,6.043500e+01,7.163269e-01,2.417400e+04,5.297007e-02,-9.936649e-01,-9.939976e-01,5.795824e-02,1.255321e-03,3.368940e-04,3.368940e-04
309,8.425500e+01,9.634161e-01,3.370200e+04,7.656053e-02,-9.939177e-01,-9.935763e-01,6.574258e-02,1.587518e-03,2.689639e-04,2.689639e-04
310,1.180650e+02,1.132741e+00,4.722600e+04,9.495978e-02,-9.957980e-01,-9.958984e-01,9.753888e-02,1.538184e-03,2.411189e-04,2.411189e-04
311,1.407300e+02,1.420058e+00,5.629200e+04,1.105258e-01,-9.950496e-01,-9.950516e-01,9.271099e-02,1.483259e-03,2.330956e-04,2.330956e-04
312,1.356900e+02,1.260415e+00,5.427600e+04,1.064167e-01,-9.970634e-01,-9.968630e-01,1.195681e-01,1.358412e-03,1.153525e-04,1.153525e-04
313,1.407650e+02,1.445899e+00,5.630600e+04,1.023647e-01,-9.963749e-01,-9.960028e-01,1.136644e-01,1.230003e-03,1.585922e-04,1.585922e-04
314,1.065400e+02,1.018149e+00,4.261600e+04,7.342860e-02,-9.918427e-01,-9.912495e-01,6.670489e-02,1.305169e-03,1.992925e-04,1.992925e-04
315,6.459500e+01,7.525310e-01,2.583800e+04,4.655673e-02,-9.912432e-01,-9.899989e-01,4.545608e-02,9.040849e-04,1.872907e-04,1.872907e-04
316,5.151500e+01,7.047545e-01,2.060600e+04,3.361702e-02,-9.692848e-01,-9.685632e-01,2.942913e-02,2.219728e-03,2.044946e-04,2.044946e-04
317,9.962000e+01,1.036999e+00,3.984800e+04,6.148356e-02,-9.765679e-01,-9.755947e-01,5.003657e-02,3.327452e-03,1.047949e-04,1.047949e-04
318,1.261500e+02,1.097091e+00,5.046000e+04,7.874845e-02,-9.854562e-01,-9.851760e-01,6.727774e-02,2.656783e-03,1.648170e-05,1.648170e-05
319,1.547750e+02,1.437126e+00,6.191000e+04,9.546084e-02,-9.867031e-01,-9.858220e-01,7.975861e-02,2.965385e-03,-2.647517e-05,-2.647517e-05
320,1.381350e+02,1.132570e+00,5.525400e+04,9.044034e-02,-9.834898e-01,-9.827617e-01,6.787410e-02,3.448686e-03,-1.004954e-05,-9.427756e-06
321,1.313650e+02,1.197837e+00,5.254600e+04,8.814028e-02,-9.862625e-01,-9.860207e-01,7.665229e-02,2.659935e-03,-6.832193e-05,-6.832193e-05
322,9.592000e+01,7.842368e-01,3.836800e+04,6.238863e-02,-9.770512e-01,-9.766560e-01,5.990006e-02,3.255193e-03,-1.591348e-04,-1.591348e-04
323,5.202500e+01,4.875596e-01,2.081000e+04,3.111129e-02,-9.630014e-01,-9.637979e-01,3.065465e-02,2.437853e-03,-2.436891e-04,-2.436891e-04
324,0.000000e+00,1.055232e-02,0.000000e+00,0.000000e+00,1.000000e+00,1.000000e+00,0.000000e+00,0.000000e+00,-2.244092e-04,-2.244092e-04
325,0.000000e+00,1.245525e-02,0.000000e+00,0.000000e+00,1.000000e+00,1.000000e+00,0.000000e+00,0.000000e+00,-2.244092e-04,-2.244092e-04
326,7.106000e+01,6.600192e-01,2.842400e+04,7.591532e-03,-9.956425e-01,-9.754654e-01,9.575193e-03,2.077342e-04,2.877555e-04,2.877555e-04
327,1.047550e+02,9.049881e-01,4.190200e+04,1.103997e-02,-9.952328e-01,-9.737512e-01,1.417216e-02,3.341642e-04,2.380374e-04,2.380374e-04
328,1.246850e+02,1.162881e+00,4.987400e+04,1.342014e-02,-9.948773e-01,-9.712739e-01,1.543675e-02,4.048126e-04,1.739095e-04,1.739095e-04
329,1.397600e+02,1.187937e+00,5.590400e+04,1.612909e-02,-9.948689e-01,-9.743953e-01,1.953429e-02,5.081374e-04,1.982039e-04,1.982039e-04
330,1.590100e+02,1.510495e+00,6.360400e+04,1.749994e-02,-9.945676e-01,-9.753956e-01,2.145009e-02,4.520882e-04,1.726085e-04,1.726085e-04
331,1.316550e+02,1.161755e+00,5.266200e+04,1.533805e-02,-9.933662e-01,-9.732322e-01,1.474256e-02,4.737554e-04,1.490617e-04,1.490617e-04
332,1.000950e+02,1.083618e+00,4.003800e+04,1.209654e-02,-9.922760e-01,-9.687537e-01,1.253471e-02,3.983420e-04,1.225975e-04,1.225975e-04
333,5.855500e+01,7.121358e-01,2.342200e+04,7.663401e-03,-9.836255e-01,-9.587193e-01,6.880688e-03,3.142044e-04,1.419250e-04,1.419250e-04
334,5.772500e+01,7.283790e-01,2.309000e+04,5.109534e-03,-9.741738e-01,-9.419853e-01,4.238569e-03,4.421027e-04,1.126568e-04,1.126568e-04
335,9.625500e+01,9.207687e-01,3.850200e+04,8.222805e-03,-9.505181e-01,-9.291451e-01,7.181618e-03,9.380987e-04,8.438824e-05,8.438824e-05
336,1.296550e+02,1.229822e+00,5.186200e+04,1.028353e-02,-9.619222e-01,-8.967750e-01,9.850139e-03,1.073015e-03,8.908509e-05,8.908509e-05
337,1.484850e+02,1.263286e+00,5.939400e+04,1.091528e-02,-9.526239e-01,-8.758110e-01,9.236047e-03,1.222969e-03,8.327382e-05,8.327382e-05
338,1.381050e+02,1.276196e+00,5.524200e+04,9.564850e-03,-9.462939e-01,-8.873886e-01,9.244682e-03,1.218513e-03,6.449475e-05,6.449475e-05
339,1.167950e+02,1.150982e+00,4.671800e+04,8.024923e-03,-9.430343e-01,-8.478703e-01,7.150776e-03,1.171323e-03,9.496490e-05,9.496490e-05
340,1.046800e+02,9.629880e-01,4.187200e+04,6.826137e-03,-9.341490e-01,-7.867920e-01,5.174819e-03,8.809219e-04,9.770684e-05,9.770684e-05
341,6.433500e+01,7.275124e-01,2.573400e+04,4.333725e-03,-8.970202e-01,-6.970651e-01,3.961019e-03,8.304373e-04,3.762771e-05,3.762771e-05
342,6.228000e+01,7.756081e-01,2.491200e+04,1.349114e-02,-8.779852e-01,-7.860036e-01,7.304625e-03,2.507939e-03,6.461563e-05,6.461563e-05
343,9.754000e+01,9.263287e-01,3.901600e+04,2.192601e-02,-9.276863e-01,-9.039777e-01,1.495120e-02,3.506508e-03,9.978570e-05,9.978570e-05
344,1.261950e+02,1.190283e+00,5.047800e+04,3.267550e-02,-9.639767e-01,-9.438822e-01,2.482005e-02,3.227632e-03,1.600262e-04,1.600262e-04
345,1.341200e+02,1.146860e+00,5.364800e+04,3.593174e-02,-9.749388e-01,-9.615544e-01,2.509126e-02,3.302438e-03,1.624683e-04,1.624683e-04
346,1.361350e+02,1.270452e+00,5.445400e+04,3.765709e-02,-9.740193e-01,-9.607909e-01,2.628906e-02,3.082137e-03,1.930135e-04,1.930135e-04
347,1.320050e+02,1.271206e+00,5.280200e+04,3.780645e-02,-9.827840e-01,-9.733422e-01,2.803278e-02,2.349305e-03,2.288809e-04,2.288809e-04
348,1.168450e+02,1.128225e+00,4.673800e+04,3.368676e-02,-9.860148e-01,-9.774532e-01,2.347421e-02,1.613241e-03,3.159947e-04,3.159947e-04
349,4.810500e+01,6.599282e-01,1.924200e+04,1.453623e-02,-9.794798e-01,-9.703793e-01,8.119099e-03,1.045318e-03,4.302938e-04,4.302938e-04
350,7.055000e+01,7.638407e-01,2.822000e+04,1.366543e-02,-9.826274e-01,-9.690431e-01,1.190414e-02,6.302036e-04,4.518370e-04,4.518370e-04
351,1.021100e+02,1.039466e+00,4.084400e+04,2.045392e-02,-9.803748e-01,-9.701477e-01,1.958217e-02,1.093732e-03,3.793943e-04,3.793943e-04
352,1.229100e+02,1.082189e+00,4.916400e+04,2.384863e-02,-9.617756e-01,-9.522143e-01,1.664609e-02,1.736307e-03,3.602864e-04,3.602864e-04
353,1.460900e+02,1.349224e+00,5.843600e+04,2.638975e-02,-9.706988e-01,-9.644405e-01,1.923365e-02,1.825330e-03,3.771085e-04,3.771085e-04
354,1.418700e+02,1.187678e+00,5.674800e+04,2.421930e-02,-9.688699e-01,-9.591347e-01,2.232473e-02,1.857975e-03,3.787360e-04,3.787360e-04
355,1.331000e+02,1.249213e+00,5.324000e+04,2.416617e-02,-9.374415e-01,-9.290316e-01,2.044235e-02,2.860007e-03,3.314392e-04,3.314392e-04
356,9.917000e+01,9.191550e-01,3.966800e+04,1.427663e-02,-9.245028e-01,-9.170087e-01,1.184161e-02,2.108932e-03,3.413322e-04,3.413322e-04
357,5.823000e+01,7.254034e-01,2.329200e+04,9.355598e-03,-9.285279e-01,-9.325459e-01,7.852057e-03,1.358664e-03,3.602309e-04,3.602309e-04
358,6.097000e+01,6.950168e-01,2.438800e+04,7.240111e-03,-8.048173e-01,-8.111086e-01,5.318786e-03,2.441362e-03,2.987353e-04,2.987353e-04
359,1.024300e+02,1.048611e+00,4.097200e+04,1.368233e-02,-9.246319e-01,-9.213502e-01,1.442764e-02,2.235348e-03,3.295786e-04,3.295786e-04
360,1.294600e+02,1.098625e+00,5.178400e+04,1.739967e-02,-9.364683e-01,-9.377428e-01,1.865481e-02,2.714252e-03,3.166244e-04,3.166244e-04
361,1.542000e+02,1.396919e+00,6.168000e+04,2.027892e-02,-9.458114e-01,-9.482472e-01,2.023009e-02,2.359413e-03,3.353784e-04,3.353784e-04
362,1.376250e+02,1.273483e+00,5.505000e+04,1.813013e-02,-9.362221e-01,-9.375195e-01,1.788769e-02,2.309485e-03,2.872997e-04,2.872997e-04
363,1.392600e+02,1.149556e+00,5.570400e+04,2.154920e-02,-9.693792e-01,-9.690596e-01,1.809209e-02,1.340839e-03,2.869037e-04,2.869037e-04
364,1.035250e+02,1.044312e+00,4.141000e+04,1.521233e-02,-9.808586e-01,-9.791111e-01,1.671481e-02,7.767845e-04,2.964095e-04,2.964095e-04
365,5.549000e+01,6.392935e-01,2.219600e+04,7.950441e-03,-9.771246e-01,-9.694634e-01,7.722514e-03,4.568439e-04,2.888540e-04,2.888540e-04
366,6.269000e+01,7.228637e-01,2.507600e+04,2.367116e-02,-9.929221e-01,-9.894893e-01,1.943698e-02,3.987302e-04,2.871984e-04,2.871984e-04
367,1.051850e+02,1.116478e+00,4.207400e+04,4.388357e-02,-9.940985e-01,-9.921284e-01,4.125006e-02,7.412779e-04,2.724726e-04,2.724726e-04
368,1.119900e+02,1.026467e+00,4.479600e+04,4.700937e-02,-9.941478e-01,-9.923587e-01,4.499379e-02,7.531510e-04,3.147816e-04,3.147816e-04
369,1.341450e+02,1.289388e+00,5.365800e+04,6.063794e-02,-9.957803e-01,-9.952004e-01,6.128716e-02,6.791452e-04,3.178507e-04,3.178507e-04
370,1.575650e+02,1.451628e+00,6.302600e+04,7.570803e-02,-9.926238e-01,-9.910928e-01,6.067615e-02,1.209853e-03,3.393146e-04,3.393146e-04
371,1.361850e+02,1.100089e+00,5.447400e+04,6.750273e-02,-9.944780e-01,-9.938777e-01,6.501744e-02,8.928710e-04,3.703828e-04,3.703828e-04
372,1.006450e+02,8.618741e-01,4.025800e+04,5.513990e-02,-9.921005e-01,-9.918569e-01,4.700780e-02,8.670307e-04,3.802864e-04,3.802864e-04
373,5.609500e+01,5.284235e-01,2.243800e+04,3.448968e-02,-9.925716e-01,-9.921327e-01,2.905301e-02,5.798516e-04,4.052932e-04,4.052932e-04
374,0.000000e+00,1.236828e-02,0.000000e+00,0.000000e+00,1.000000e+00,1.000000e+00,0.000000e+00,0.000000e+00,3.837882e-04,3.837882e-04
375,0.000000e+00,1.241587e-02,0.000000e+00,0.000000e+00,1.000000e+00,1.000000e+00,0.000000e+00,0.000000e+00,3.837882e-04,3.837882e-04
376,6.357000e+01,6.017822e-01,2.542800e+04,3.737991e-03,-9.637978e-01,-9.081403e-01,4.123361e-03,3.641092e-04,-1.034523e-04,-1.034523e-04
377,1.104900e+02,9.658132e-01,4.419600e+04,6.771848e-03,-9.432986e-01,-9.149665e-01,8.158026e-03,1.011174e-03,-9.787263e-05,-9.787263e-05
378,1.295000e+02,1.201823e+00,5.180000e+04,8.553635e-03,-9.073757e-01,-8.557986e-01,7.588744e-03,1.391246e-03,-9.077208e-05,-9.077208e-05
379,1.376900e+02,1.163394e+00,5.507600e+04,8.995540e-03,-8.954780e-01,-8.688693e-01,9.449200e-03,2.142038e-03,-7.849323e-05,-7.849323e-05
380,1.440750e+02,1.399131e+00,5.763000e+04,1.018186e-02,-8.800546e-01,-8.265688e-01,9.129532e-03,2.580712e-03,-2.112871e-05,-2.112871e-05
381,1.364850e+02,1.351445e+00,5.459400e+04,1.041012e-02,-8.271862e-01,-8.142342e-01,9.273983e-03,3.453043e-03,-3.596767e-05,-3.596767e-05
382,1.067550e+02,1.056195e+00,4.270200e+04,8.780559e-03,-7.561746e-01,-7.169436e-01,6.243437e-03,3.724838e-03,1.982279e-05,1.982279e-05
383,5.864000e+01,7.117382e-01,2.345600e+04,5.747671e-03,-7.335979e-01,-6.947495e-01,3.737809e-03,2.594137e-03,1.480079e-05,1.480079e-05
384,5.292500e+01,6.877782e-01,2.117000e+04,1.943424e-03,-9.459629e-01,-8.826519e-01,1.743764e-03,3.885534e-04,2.870391e-05,2.870391e-05
385,1.005200e+02,9.043255e-01,4.020800e+04,2.988825e-03,-9.563440e-01,-8.764066e-01,2.790988e-03,4.855829e-04,-3.032366e-06,-3.032366e-06
386,1.277950e+02,1.227475e+00,5.111800e+04,3.189302e-03,-9.495550e-01,-8.537816e-01,2.775780e-03,5.559590e-04,-1.480393e-05,-1.480393e-05
387,1.445550e+02,1.217042e+00,5.782200e+04,3.036110e-03,-9.458989e-01,-8.615557e-01,3.029551e-03,6.980126e-04,-1.624227e-05,-1.624227e-05
388,1.500200e+02,1.378958e+00,6.000800e+04,3.165522e-03,-9.509557e-01,-8.557307e-01,3.043457e-03,6.157135e-04,-2.934788e-05,-2.934788e-05
389,1.441150e+02,1.308178e+00,5.764600e+04,2.845157e-03,-9.046503e-01,-7.744236e-01,2.276366e-03,9.606876e-04,-5.557548e-05,-5.557548e-05
390,9.867500e+01,8.910459e-01,3.947000e+04,1.800483e-03,-9.309244e-01,-8.383083e-01,2.286237e-03,5.256090e-04,-5.006453e-05,-5.006453e-05
391,5.909000e+01,6.819412e-01,2.363600e+04,8.987025e-04,-9.035942e-01,-8.378070e-01,1.263662e-03,2.732139e-04,-8.461483e-05,-8.461483e-05
392,5.750000e+01,7.378051e-01,2.300000e+04,6.726454e-03,-9.480925e-01,-9.257945e-01,5.372103e-03,1.692401e-03,-1.172754e-04,-1.172754e-04
393,1.019950e+02,9.542785e-01,4.079800e+04,1.608004e-02,-9.454690e-01,-8.988151e-01,1.041814e-02,2.510299e-03,-1.262436e-04,-1.262436e-04
394,1.317550e+02,1.253689e+00,5.270200e+04,2.285596e-02,-9.441812e-01,-9.404498e-01,1.619455e-02,3.560885e-03,-8.706828e-05,-8.706828e-05
395,1.546550e+02,1.268763e+00,6.186200e+04,2.954205e-02,-9.639698e-01,-9.199327e-01,2.953365e-02,3.430832e-03,-7.603597e-05,-7.603597e-05
396,1.317750e+02,1.232617e+00,5.271000e+04,3.453654e-02,-9.708926e-01,-9.382479e-01,2.143461e-02,3.988361e-03,-1.171462e-04,-1.171462e-04
397,1.382950e+02,1.290913e+00,5.531800e+04,3.699768e-02,-9.724567e-01,-9.596163e-01,2.601085e-02,3.387557e-03,-1.032165e-04,-1.032165e-04
398,9.514000e+01,9.080364e-01,3.805600e+04,3.078295e-02,-9.823991e-01,-9.638212e-01,2.429231e-02,1.841472e-03,-9.729707e-05,-9.729707e-05
399,4.574000e+01,5.955836e-01,1.829600e+04,1.742775e-02,-9.768369e-01,-9.752208e-01,1.048945e-02,9.711022e-04,-1.974831e-04,-1.974831e-04
400,6.018000e+01,7.462867e-01,2.407200e+04,1.855490e-02,-9.824083e-01,-9.801763e-01,2.089484e-02,7.561989e-04,-1.325588e-04,-1.325588e-04
401,8.867500e+01,8.688096e-01,3.547000e+04,2.651521e-02,-9.847011e-01,-9.836478e-01,2.676698e-02,1.055860e-03,-3.163805e-05,-3.163805e-05
402,1.205650e+02,1.158281e+00,4.822600e+04,3.241186e-02,-9.816781e-01,-9.805425e-01,3.057623e-02,1.433154e-03,3.992340e-05,3.992340e-05
403,1.412850e+02,1.298242e+00,5.651400e+04,3.535832e-02,-9.724370e-01,-9.726949e-01,3.272352e-02,1.978508e-03,5.823291e-05,5.823291e-05
404,1.439150e+02,1.190879e+00,5.756600e+04,3.209716e-02,-9.720524e-01,-9.708465e-01,3.276989e-02,2.387273e-03,1.289269e-04,1.289269e-04
405,1.360400e+02,1.278753e+00,5.441600e+04,2.922704e-02,-9.703688e-01,-9.704345e-01,2.532718e-02,2.171667e-03,1.732719e-04,1.732719e-04
406,1.134150e+02,1.021524e+00,4.536600e+04,2.098981e-02,-9.665995e-01,-9.632598e-01,1.433362e-02,1.449478e-03,1.923019e-04,1.923019e-04
407,6.111500e+01,7.504876e-01,2.444600e+04,1.044114e-02,-9.605373e-01,-9.560104e-01,1.013979e-02,9.569783e-04,2.183700e-04,2.183700e-04
408,5.951000e+01,6.680367e-01,2.380400e+04,2.508077e-03,-8.321632e-01,-8.342973e-01,2.066677e-03,1.004702e-03,2.655829e-04,2.655829e-04
409,8.687000e+01,9.147912e-01,3.474800e+04,3.325898e-03,-8.720702e-01,-8.644579e-01,2.502728e-03,1.174863e-03,2.694770e-04,2.694770e-04
410,1.223950e+02,1.070152e+00,4.895800e+04,7.210044e-03,-9.549137e-01,-9.503659e-01,6.009222e-03,9.398267e-04,3.106308e-04,3.106308e-04
411,1.350950e+02,1.245232e+00,5.403800e+04,7.167650e-03,-9.473609e-01,-9.416387e-01,6.376025e-03,1.044014e-03,3.262317e-04,3.262317e-04
412,1.410400e+02,1.193992e+00,5.641600e+04,8.615416e-03,-9.588563e-01,-9.534815e-01,9.229131e-03,1.318059e-03,3.216767e-04,3.216767e-04
413,1.263700e+02,1.215318e+00,5.054800e+04,9.215141e-03,-9.369733e-01,-9.338746e-01,6.884165e-03,1.308284e-03,3.497670e-04,3.497670e-04
414,9.762500e+01,9.156303e-01,3.905000e+04,7.185515e-03,-9.212469e-01,-9.119679e-01,5.066377e-03,1.327918e-03,3.701302e-04,3.701302e-04
415,5.910500e+01,7.464599e-01,2.364200e+04,5.306717e-03,-9.364034e-01,-9.204623e-01,4.529555e-03,9.972663e-04,3.447063e-04,3.447063e-04
416,5.656500e+01,6.970985e-01,2.262600e+04,2.102264e-02,-9.783657e-01,-9.782938e-01,1.716238e-02,8.391442e-04,3.393159e-04,3.393159e-04
417,1.028250e+02,1.089651e+00,4.113000e+04,4.008801e-02,-9.841631e-01,-9.836923e-01,3.586412e-02,1.646004e-03,3.414169e-04,3.414169e-04
418,1.314950e+02,1.314806e+00,5.259800e+04,5.532332e-02,-9.845289e-01,-9.838538e-01,4.099029e-02,1.854683e-03,3.577830e-04,3.577830e-04
419,1.367050e+02,1.175714e+00,5.468200e+04,6.456329e-02,-9.850971e-01,-9.838056e-01,5.003540e-02,2.778140e-03,3.700575e-04,3.700575e-04
420,1.340450e+02,1.249854e+00,5.361800e+04,6.391868e-02,-9.908781e-01,-9.897488e-01,5.251598e-02,2.065473e-03,3.319140e-04,3.319140e-04
421,1.351250e+02,1.109129e+00,5.405000e+04,6.892937e-02,-9.831522e-01,-9.824114e-01,4.982640e-02,2.468347e-03,3.458454e-04,3.458454e-04
422,1.000450e+02,9.071443e-01,4.001800e+04,5.366706e-02,-9.780915e-01,-9.770040e-01,3.983591e-02,2.710477e-03,3.398170e-04,3.398170e-04
423,6.730000e+01,5.751949e-01,2.692000e+04,3.780201e-02,-9.713133e-01,-9.714265e-01,2.830834e-02,2.163037e-03,3.767811e-04,3.767811e-04
424,0.000000e+00,1.268806e-02,0.000000e+00,0.000000e+00,1.000000e+00,1.000000e+00,0.000000e+00,0.000000e+00,3.169678e-04,3.169678e-04
425,0.000000e+00,1.243779e-02,0.000000e+00,0.000000e+00,1.000000e+00,1.000000e+00,0.000000e+00,0.000000e+00,3.169678e-04,3.169678e-04
426,6.137500e+01,5.705957e-01,2.455000e+04,3.037822e-03,-9.289375e-01,-8.635415e-01,2.129941e-03,3.116094e-04,-3.856640e-04,-3.856640e-04
427,1.118650e+02,9.437416e-01,4.474600e+04,6.496863e-03,-9.642840e-01,-9.260744e-01,6.218355e-03,4.645357e-04,-2.383990e-04,-2.383990e-04
428,1.243500e+02,1.161652e+00,4.974000e+04,7.841177e-03,-9.699262e-01,-9.330608e-01,7.277057e-03,5.616219e-04,-2.105144e-04,-2.105144e-04
429,1.414350e+02,1.189783e+00,5.657400e+04,1.017151e-02,-9.756856e-01,-9.397496e-01,1.006459e-02,5.841048e-04,-1.760718e-04,-1.760718e-04
430,1.376950e+02,1.326896e+00,5.507800e+04,1.075157e-02,-9.737573e-01,-9.418771e-01,8.752614e-03,6.116826e-04,-1.335268e-04,-1.335268e-04
431,1.182900e+02,1.190236e+00,4.731600e+04,1.091903e-02,-9.788396e-01,-9.498873e-01,9.724358e-03,6.419513e-04,-7.573507e-05,-7.573507e-05
432,1.080000e+02,9.978644e-01,4.320000e+04,9.885699e-03,-9.801664e-01,-9.555040e-01,1.026521e-02,5.489912e-04,-1.442175e-05,-1.442175e-05
433,5.172500e+01,6.554339e-01,2.069000e+04,4.905694e-03,-9.767864e-01,-9.311170e-01,3.758254e-03,2.378190e-04,4.123840e-05,4.123840e-05
434,5.457500e+01,7.186660e-01,2.183000e+04,5.207047e-03,-9.836674e-01,-9.457895e-01,5.675015e-03,3.088361e-04,8.693439e-05,8.693439e-05
435,1.034150e+02,9.578150e-01,4.136600e+04,1.035900e-02,-9.871952e-01,-9.609435e-01,1.017184e-02,4.401746e-04,4.677162e-05,4.677162e-05
436,1.334550e+02,1.254319e+00,5.338200e+04,1.328904e-02,-9.774207e-01,-9.543190e-01,1.207975e-02,9.562359e-04,4.797833e-05,4.797833e-05
437,1.298500e+02,1.107561e+00,5.194000e+04,1.190909e-02,-9.748889e-01,-9.419859e-01,1.193661e-02,8.446947e-04,4.607361e-05,4.607361e-05
438,1.262350e+02,1.185958e+00,5.049400e+04,1.277320e-02,-9.760640e-01,-9.564113e-01,1.255897e-02,1.000980e-03,7.305812e-06,7.305812e-06
439,1.267200e+02,1.214142e+00,5.068800e+04,1.180453e-02,-9.623631e-01,-9.438838e-01,1.040144e-02,1.075279e-03,3.768511e-05,3.768511e-05
440,9.629000e+01,8.827695e-01,3.851600e+04,8.939605e-03,-9.474004e-01,-9.178357e-01,7.173726e-03,9.865708e-04,5.989238e-05,5.989238e-05
441,6.531000e+01,7.198062e-01,2.612400e+04,6.166322e-03,-9.279413e-01,-9.045806e-01,4.174704e-03,9.500455e-04,9.311770e-05,9.311770e-05
442,5.986000e+01,7.482962e-01,2.394400e+04,5.565432e-03,-9.739723e-01,-9.483216e-01,3.471939e-03,5.899998e-04,5.427204e-05,5.427204e-05
443,1.087750e+02,9.808115e-01,4.351000e+04,1.106795e-02,-9.793629e-01,-9.628140e-01,7.064516e-03,7.511034e-04,2.483400e-05,2.483400e-05
444,1.266950e+02,1.195847e+00,5.067800e+04,1.387994e-02,-9.887188e-01,-9.729305e-01,9.242932e-03,1.004453e-03,-1.580133e-05,-1.580133e-05
445,1.434350e+02,1.213303e+00,5.737400e+04,1.582930e-02,-9.819334e-01,-9.652576e-01,9.286391e-03,1.285142e-03,-3.067789e-05,-3.067789e-05
446,1.372950e+02,1.260800e+00,5.491800e+04,1.643925e-02,-9.841022e-01,-9.703587e-01,1.032383e-02,1.281987e-03,-4.553359e-05,-4.553359e-05
447,1.299450e+02,1.224202e+00,5.197800e+04,1.860540e-02,-9.845374e-01,-9.730421e-01,1.142313e-02,1.390651e-03,-4.435752e-05,-4.435752e-05
448,1.035750e+02,9.513414e-01,4.143000e+04,1.639541e-02,-9.821212e-01,-9.745729e-01,8.872156e-03,1.346884e-03,-3.524032e-05,-3.524032e-05
449,5.995500e+01,6.801625e-01,2.398200e+04,9.827272e-03,-9.852628e-01,-9.752792e-01,5.687437e-03,7.961481e-04,-6.748337e-05,-6.748337e-05
450,6.198000e+01,7.595774e-01,2.479200e+04,1.486950e-02,-9.799517e-01,-9.794621e-01,1.583367e-02,7.712381e-04,2.851065e-05,2.851065e-05
451,1.013850e+02,9.195967e-01,4.055400e+04,2.390060e-02,-9.868591e-01,-9.843054e-01,2.328425e-02,8.141654e-04,4.713675e-05,4.713675e-05
452,1.465850e+02,1.325027e+00,5.863400e+04,3.519640e-02,-9.844913e-01,-9.813494e-01,2.907869e-02,1.446290e-03,8.813672e-05,8.813672e-05
453,1.345800e+02,1.132616e+00,5.383200e+04,3.400734e-02,-9.864233e-01,-9.838031e-01,2.840309e-02,9.873044e-04,1.016346e-04,1.016346e-04
454,1.452700e+02,1.305993e+00,5.810800e+04,3.443132e-02,-9.822427e-01,-9.800142e-01,2.692485e-02,1.277872e-03,1.471045e-04,1.471045e-04
455,1.217400e+02,1.168367e+00,4.869600e+04,2.943548e-02,-9.698474e-01,-9.644953e-01,2.427938e-02,1.548910e-03,2.451405e-04,2.451405e-04
456,1.079300e+02,9.370148e-01,4.317200e+04,2.605070e-02,-9.712582e-01,-9.670364e-01,2.305743e-02,1.576533e-03,3.020434e-04,3.020434e-04
457,5.498500e+01,7.017714e-01,2.199400e+04,1.421407e-02,-9.435758e-01,-9.408797e-01,1.004961e-02,1.348131e-03,3.763348e-04,3.763348e-04
458,6.148000e+01,6.654021e-01,2.459200e+04,3.814401e-02,-9.854247e-01,-9.849932e-01,3.939805e-02,1.370954e-03,3.233609e-04,3.233609e-04
459,9.869000e+01,1.002875e+00,3.947600e+04,6.198456e-02,-9.865538e-01,-9.860353e-01,4.833691e-02,1.885179e-03,3.076571e-04,3.076571e-04
460,1.281600e+02,1.055798e+00,5.126400e+04,8.439103e-02,-9.878396e-01,-9.852862e-01,6.896129e-02,2.470479e-03,2.683209e-04,2.683209e-04
461,1.428650e+02,1.133362e+00,5.714600e+04,9.796493e-02,-9.855800e-01,-9.837257e-01,9.332370e-02,3.783345e-03,2.219352e-04,2.219352e-04
462,1.366750e+02,1.261712e+00,5.467000e+04,1.048439e-01,-9.801618e-01,-9.774206e-01,8.721413e-02,4.492871e-03,2.392050e-04,2.392050e-04
463,1.317050e+02,1.221464e+00,5.268200e+04,1.001789e-01,-9.848286e-01,-9.837009e-01,9.349984e-02,4.025739e-03,2.211236e-04,2.211236e-04
464,9.899500e+01,9.460047e-01,3.959800e+04,7.895729e-02,-9.827578e-01,-9.817746e-01,6.554738e-02,2.840536e-03,2.399246e-04,2.399246e-04
465,6.009500e+01,7.465350e-01,2.403800e+04,5.470865e-02,-9.719190e-01,-9.711096e-01,3.973637e-02,2.104548e-03,2.421881e-04,2.421881e-04
466,6.637500e+01,8.029024e-01,2.655000e+04,7.764813e-02,-9.845530e-01,-9.836019e-01,5.259024e-02,2.421830e-03,1.678076e-04,1.678076e-04
467,8.980500e+01,1.003730e+00,3.592200e+04,1.006666e-01,-9.895677e-01,-9.889169e-01,9.103168e-02,3.491543e-03,1.441641e-04,1.441641e-04
468,1.326250e+02,1.413111e+00,5.305000e+04,1.348428e-01,-9.913665e-01,-9.917589e-01,1.232541e-01,2.463679e-03,3.342660e-05,3.342660e-05
469,1.370300e+02,1.277127e+00,5.481200e+04,1.360980e-01,-9.913565e-01,-9.911604e-01,1.282835e-01,2.574566e-03,5.393012e-05,5.393012e-05
470,1.398250e+02,1.310763e+00,5.593000e+04,1.356043e-01,-9.927230e-01,-9.920789e-01,1.316852e-01,2.876862e-03,-7.008794e-05,-7.008794e-05
471,1.341400e+02,1.121726e+00,5.365600e+04,1.275486e-01,-9.936613e-01,-9.936917e-01,1.313578e-01,2.153000e-03,-1.083636e-05,-1.083636e-05
472,9.272000e+01,8.555296e-01,3.708800e+04,8.467844e-02,-9.919181e-01,-9.924817e-01,8.756507e-02,1.436354e-03,-1.564842e-04,-1.564842e-04
473,5.758500e+01,4.919228e-01,2.303400e+04,4.979542e-02,-9.923014e-01,-9.924130e-01,4.402877e-02,8.202207e-04,-2.035637e-04,-2.035637e-04
474,0.000000e+00,1.308863e-02,0.000000e+00,0.000000e+00,1.000000e+00,1.000000e+00,0.000000e+00,0.000000e+00,2.177916e-05,2.177916e-05
475,0.000000e+00,1.127742e-02,0.000000e+00,0.000000e+00,1.000000e+00,1.000000e+00,0.000000e+00,0.000000e+00,2.177916e-05,2.177916e-05
476,5.394500e+01,4.812544e-01,2.157800e+04,5.807309e-03,-9.768186e-01,-9.727562e-01,4.025140e-03,4.535206e-04,-8.389090e-05,-8.389090e-05
477,1.002200e+02,9.062617e-01,4.008800e+04,8.354670e-03,-9.853236e-01,-9.815068e-01,6.732941e-03,3.412359e-04,-1.080281e-04,-1.080281e-04
478,1.099750e+02,9.122445e-01,4.399000e+04,8.251924e-03,-9.847532e-01,-9.667733e-01,4.652988e-03,2.670280e-04,-1.346845e-04,-1.346845e-04
479,1.378600e+02,1.313489e+00,5.514400e+04,7.664203e-03,-9.830498e-01,-9.713668e-01,5.402679e-03,4.082082e-04,-1.853696e-04,-1.879661e-04
480,1.443300e+02,1.225352e+00,5.773200e+04,7.065971e-03,-9.823236e-01,-9.703281e-01,5.043144e-03,3.533151e-04,-2.229039e-04,-2.229039e-04
481,1.367800e+02,1.367539e+00,5.471200e+04,5.468280e-03,-9.912538e-01,-9.767418e-01,6.629549e-03,3.360297e-04,-2.335628e-04,-2.335628e-04
482,9.695500e+01,9.386094e-01,3.878200e+04,3.871925e-03,-9.787109e-01,-9.558981e-01,3.049364e-03,3.266894e-04,-2.483909e-04,-2.483909e-04
483,6.803500e+01,8.324091e-01,2.721400e+04,2.610356e-03,-9.810356e-01,-9.563171e-01,2.262052e-03,2.240553e-04,-3.378805e-04,-3.378805e-04
484,4.547500e+01,6.611038e-01,1.819000e+04,4.558078e-03,-9.638097e-01,-9.473703e-01,4.238900e-03,4.481156e-04,-2.801694e-04,-2.801694e-04
485,9.208500e+01,1.083806e+00,3.683400e+04,9.627430e-03,-9.780618e-01,-9.632177e-01,1.024823e-02,7.598410e-04,-2.465501e-04,-2.465501e-04
486,1.207150e+02,1.309855e+00,4.828600e+04,1.288643e-02,-9.765229e-01,-9.587906e-01,1.305184e-02,8.819682e-04,-2.115851e-04,-2.115851e-04
487,1.498350e+02,1.366737e+00,5.993400e+04,1.585095e-02,-5.328325e-01,-5.238863e-01,1.586704e-02,1.013945e-03,1.231541e-02,-1.559133e-04
488,1.413400e+02,1.464211e+00,5.653600e+04,1.532561e-02,-9.834834e-01,-9.518218e-01,1.608910e-02,1.562059e-03,-2.034882e-04,-2.034882e-04
489,1.230900e+02,1.221820e+00,4.923600e+04,1.377875e-02,-9.787813e-01,-9.542056e-01,1.502877e-02,1.211950e-03,-2.232334e-04,-2.232334e-04
490,1.003000e+02,1.160849e+00,4.012000e+04,1.056604e-02,-9.833648e-01,-9.449264e-01,1.360559e-02,1.151805e-03,-2.178261e-04,-2.178261e-04
491,5.701000e+01,7.204581e-01,2.280400e+04,6.266186e-03,-9.523661e-01,-8.775188e-01,7.130462e-03,1.624325e-03,-3.034453e-04,-3.034453e-04
492,6.264000e+01,7.725106e-01,2.505600e+04,1.405877e-02,-8.522048e-01,-8.573982e-01,6.688195e-03,3.461045e-03,-2.183909e-04,-2.183909e-04
493,9.470000e+01,1.084354e+00,3.788000e+04,2.340077e-02,-9.213907e-01,-9.145356e-01,1.055970e-02,4.970392e-03,-1.187961e-04,-1.187961e-04
494,1.281650e+02,1.365496e+00,5.126600e+04,2.990090e-02,-9.437942e-01,-9.383387e-01,1.444615e-02,6.497881e-03,-5.757095e-05,-5.757095e-05
495,1.403500e+02,1.298715e+00,5.614000e+04,2.798002e-02,-9.556957e-01,-9.454876e-01,1.445892e-02,4.100501e-03,-2.215989e-05,-2.215989e-05
496,1.365550e+02,1.440913e+00,5.462200e+04,2.569068e-02,-9.630531e-01,-9.539941e-01,1.415199e-02,3.934021e-03,4.579891e-05,4.579891e-05
497,1.202750e+02,1.197225e+00,4.811000e+04,2.065037e-02,-9.677385e-01,-9.577718e-01,1.049453e-02,2.665550e-03,7.440827e-05,7.440827e-05
498,1.055350e+02,1.181423e+00,4.221400e+04,1.499612e-02,-9.696560e-01,-9.620780e-01,7.571420e-03,1.500682e-03,1.456556e-04,1.456556e-04
499,4.776000e+01,6.680578e-01,1.910400e+04,5.718152e-03,-9.395975e-01,-9.086570e-01,1.928864e-03,6.154736e-04,2.074798e-04,2.074798e-04
500,6.242000e+01,7.650514e-01,2.496800e+04,7.598292e-03,-9.838617e-01,-9.710885e-01,6.746198e-03,4.283552e-04,2.079887e-04,2.079887e-04
501,1.090000e+02,1.208826e+00,4.360000e+04,1.489960e-02,-9.908834e-01,-9.814394e-01,1.208460e-02,4.826405e-04,1.717239e-04,1.717239e-04
502,1.129150e+02,1.227442e+00,4.516600e+04,1.613126e-02,-9.889623e-01,-9.777876e-01,1.550043e-02,5.979332e-04,1.544404e-04,1.544404e-04
503,1.347650e+02,1.263204e+00,5.390600e+04,2.274175e-02,-9.910523e-01,-9.753752e-01,1.813650e-02,5.982951e-04,1.132993e-04,1.132993e-04
504,1.419350e+02,1.483474e+00,5.677400e+04,2.620353e-02,-9.891325e-01,-9.740868e-01,2.125912e-02,8.903838e-04,1.010034e-04,1.010034e-04
505,1.285600e+02,1.182663e+00,5.142400e+04,2.727935e-02,-9.930571e-01,-9.803657e-01,2.444657e-02,6.536723e-04,8.167151e-05,8.167151e-05
506,8.999500e+01,1.045473e+00,3.599800e+04,2.329627e-02,-9.882186e-01,-9.744042e-01,1.810789e-02,6.451948e-04,6.029786e-05,6.029786e-05
507,5.850000e+01,7.602423e-01,2.340000e+04,1.526878e-02,-9.891969e-01,-9.792198e-01,1.347245e-02,5.441481e-04,2.426279e-05,2.426279e-05
508,4.925000e+01,7.244265e-01,1.970000e+04,3.504433e-02,-9.465331e-01,-9.425783e-01,2.674638e-02,3.630839e-03,-2.304908e-05,-2.304908e-05
509,9.754500e+01,1.010220e+00,3.901800e+04,7.184152e-02,-9.492215e-01,-9.457709e-01,6.088284e-02,7.899815e-03,-9.061351e-05,-9.061351e-05
510,1.435400e+02,1.479976e+00,5.741600e+04,1.096795e-01,-9.512338e-01,-9.483612e-01,7.716993e-02,1.016623e-02,-9.028010e-05,-9.028010e-05
511,1.307750e+02,1.232126e+00,5.231000e+04,9.357185e-02,-9.677224e-01,-9.682146e-01,7.991396e-02,6.383667e-03,-1.113459e-04,-1.113459e-04
512,1.360750e+02,1.417102e+00,5.443000e+04,9.298544e-02,-9.764278e-01,-9.745449e-01,8.468313e-02,4.960611e-03,-1.226690e-04,-1.226690e-04
513,1.284950e+02,1.334551e+00,5.139800e+04,8.689890e-02,-9.808825e-01,-9.781419e-01,8.076395e-02,4.205951e-03,-1.890012e-04,-1.890012e-04
514,9.653500e+01,9.743659e-01,3.861400e+04,6.065980e-02,-9.826067e-01,-9.830528e-01,6.171984e-02,2.777566e-03,-2.334390e-04,-2.334390e-04
515,6.603500e+01,7.809163e-01,2.641400e+04,3.920774e-02,-9.855424e-01,-9.844851e-01,3.652126e-02,1.396497e-03,-2.592079e-04,-2.592079e-04
516,6.429000e+01,8.243936e-01,2.571600e+04,1.763488e-02,-9.945162e-01,-9.931202e-01,1.900820e-02,3.478289e-04,-2.702301e-04,-2.702301e-04
517,1.010800e+02,1.026010e+00,4.043200e+04,2.566989e-02,-9.932006e-01,-9.915734e-01,2.817171e-02,4.066504e-04,-2.868114e-04,-2.868114e-04
518,1.384800e+02,1.323521e+00,5.539200e+04,3.194428e-02,-9.895690e-01,-9.879612e-01,3.069106e-02,6.898722e-04,-3.379322e-04,-3.379322e-04
519,1.266350e+02,1.093885e+00,5.065400e+04,2.744282e-02,-9.888794e-01,-9.880015e-01,2.715944e-02,6.750694e-04,-2.889285e-04,-2.889285e-04
520,1.257150e+02,1.186859e+00,5.028600e+04,2.611860e-02,-9.886179e-01,-9.883843e-01,2.783706e-02,7.422567e-04,-2.953157e-04,-2.953157e-04
521,1.305450e+02,1.208930e+00,5.221800e+04,2.545716e-02,-9.822583e-01,-9.824654e-01,2.151662e-02,8.849935e-04,-2.762656e-04,-2.762656e-04
522,9.618000e+01,6.871702e-01,3.847200e+04,1.780587e-02,-9.866952e-01,-9.869673e-01,1.844674e-02,5.077644e-04,-2.966094e-04,-2.966094e-04
523,6.136000e+01,5.018786e-01,2.454400e+04,1.021030e-02,-9.920365e-01,-9.896796e-01,1.074864e-02,1.813939e-04,-2.449864e-04,-2.449864e-04
524,0.000000e+00,1.150356e-02,0.000000e+00,0.000000e+00,1.000000e+00,1.000000e+00,0.000000e+00,0.000000e+00,-2.885607e-04,-2.885607e-04
